object_id;category_name;normalized_name;display_name;base_name;modifier;sort_priority;instruction_id;room_category_name;cleaning_method;instruction_number;product_name;cleaning_technique;concentration;temperature;exposure_time;inventory;frequency;executor;control_method
;Поверхности;пол;пол;пол;;200;;Производственное;мойка;;ХИМИТЕК ПОЛИКОР®;ручной (обработка щёткой);10% (ручное разведение);не ниже 40 °C;;промаркированный;2 раза в смену;сотрудник внутреннего клининга;визуальный контроль/сотрудник отдела качества
;Поверхности;пол;пол;пол;;200;;Производственное;дезинфекция;;ХИМИТЕК ПОЛИДЕЗ®-СУПЕР;ручной (протирание);0,02 % – 0,05 % (по НУК), дозирующая система ProMax;18-20 °C;20 мин;промаркированный;2 раза в смену;сотрудник внутреннего клининга;визуальный контроль/сотрудник отдела качества
;Поверхности;пол;пол;пол;;200;;Складское;мойка;;ХИМИТЕК ПОЛИКОР®;ручной (обработка щёткой);10% (ручное разведение);не ниже 40 °C;;промаркированный;1 раз в смену;сотрудник склада;визуальный контроль/сотрудник отдела качества
;Поверхности;пол;пол;пол;;200;;Складское;дезинфекция;;ХИМИТЕК ПОЛИДЕЗ®-СУПЕР;ручной (протирание);0,02 % – 0,05 % (по НУК), дозирующая система ProMax;18-20 °C;20 мин;промаркированный;1 раз в смену;сотрудник склада;визуальный контроль/сотрудник отдела качества
;Поверхности;пол;пол;пол;;200;;Инженерное;мойка;;ХИМИТЕК ПОЛИКОР®;ручной (обработка щёткой);10% (ручное разведение);не ниже 40 °C;;промаркированный;1 раз в неделю;сотрудник инженерной службы;визуальный контроль/сотрудник отдела качества
;Поверхности;пол;пол;пол;;200;;Инженерное;дезинфекция;;ХИМИТЕК ПОЛИДЕЗ®-СУПЕР;ручной (протирание);0,02 % – 0,05 % (по НУК), дозирующая система ProMax;18-20 °C;20 мин;промаркированный;1 раз в неделю;сотрудник инженерной службы;визуальный контроль/сотрудник отдела качества
;Поверхности;пол;пол;пол;;200;;Вспомогательное;мойка;;ХИМИТЕК ПОЛИКОР®;ручной (обработка щёткой);10% (ручное разведение);не ниже 40 °C;;промаркированный;1 раз в неделю;сотрудник инженерной службы;визуальный контроль/сотрудник отдела качества
;Поверхности;пол;пол;пол;;200;;Вспомогательное;дезинфекция;;ХИМИТЕК ПОЛИДЕЗ®-СУПЕР;ручной (протирание);0,02 % – 0,05 % (по НУК), дозирующая система ProMax;18-20 °C;20 мин;промаркированный;1 раз в неделю;сотрудник инженерной службы;визуальный контроль/сотрудник отдела качества
;Поверхности;бактерицидные лампы;бактерицидные лампы;бактерицидные лампы;;40;;;мойка;;ХИМИТЕК УНИВЕРСАЛ-ПД-Н;ручной (протирание);3,0 % – 4,0 %, дозирующая система ProMax;не ниже 40°C;;промаркированный;1 раз в месяц;сотрудник инженерной службы;визуальный контроль/технолог
;Поверхности;бактерицидные лампы;бактерицидные лампы;бактерицидные лампы;;40;;;дезинфекция;;ХИМИТЕК ПОЛИДЕЗ®-СУПЕР;ручной (протирание);0,02 % – 0,05 % (по НУК), дозирующая система ProMax;18-20 °C;20 мин;промаркированный;1 раз в месяц;сотрудник инженерной службы;визуальный контроль/технолог
;Поверхности;бойлера;бойлер;бойлер;;70;;;мойка;;ХИМИТЕК ЧУДОДЕЙ®-КОМБИ-ПЕНАКТИВ;ручной (протирание);2,0 % – 3,0 % дозирующая система ProMax;18-20 °C;;промаркированный;1 раз в месяц;сотрудник внутреннего клининга;визуальный контроль/сотрудник отдела качества
;Поверхности;бойлера;бойлер;бойлер;;70;;;дезинфекция;;ХИМИТЕК ПОЛИДЕЗ®-СУПЕР;ручной (протирание);0,02 % – 0,05 % (по НУК), дозирующая система ProMax;18-20 °C;20 мин;промаркированный;1 раз в месяц;сотрудник внутреннего клининга;визуальный контроль/сотрудник отдела качества
;Поверхности;вентиляторы;вентилятор;вентилятор;;80;;;мойка;;ХИМИТЕК ЧУДОДЕЙ®-КОМБИ-ПЕНАКТИВ;ручной (протирание, обработка щёткой);2,0 % – 3,0 % дозирующая система ProMax;18-20 °C;;промаркированный;1 раз в месяц;сотрудник внутреннего клининга;визуальный контроль/сотрудник отдела качества
;Поверхности;вентиляторы;вентилятор;вентилятор;;80;;;дезинфекция;;ХИМИТЕК ПОЛИДЕЗ®-СУПЕР;ручной (протирание);0,02 % – 0,05 % (по НУК), дозирующая система ProMax;18-20 °C;20 мин;промаркированный;1 раз в месяц;сотрудник внутреннего клининга;визуальный контроль/сотрудник отдела качества
;Поверхности;вентиляционные трубы;вентиляционные трубы;вентиляционные трубы;;30;;;мойка;;ХИМИТЕК ЧУДОДЕЙ®-КОМБИ-ПЕНАКТИВ;ручной (протирание, обработка щёткой);2,0 % – 3,0 % дозирующая система ProMax;18-20 °C;;промаркированный;1 раз в 3 месяца;сотрудник внутреннего клининга;визуальный контроль/сотрудник отдела качества
;Поверхности;вентиляционные трубы;вентиляционные трубы;вентиляционные трубы;;30;;;дезинфекция;;ХИМИТЕК ПОЛИДЕЗ®-СУПЕР;ручной (протирание);0,02 % – 0,05 % (по НУК), дозирующая система ProMax;18-20 °C;20 мин;промаркированный;1 раз в 6 месяцев;сотрудник внутреннего клининга;визуальный контроль/сотрудник отдела качества
;Поверхности;водопроводные трубы;водопроводные трубы;водопроводные трубы;;60;;;мойка;;ХИМИТЕК ЧУДОДЕЙ®-КОМБИ-ПЕНАКТИВ;ручной (протирание, обработка щёткой);2,0 % – 3,0 % дозирующая система ProMax;18-20 °C;;промаркированный;1 раз в месяц;сотрудник внутреннего клининга;визуальный контроль/сотрудник отдела качества
;Поверхности;водопроводные трубы;водопроводные трубы;водопроводные трубы;;60;;;дезинфекция;;ХИМИТЕК ПОЛИДЕЗ®-СУПЕР;ручной (протирание);0,02 % – 0,05 % (по НУК), дозирующая система ProMax;18-20 °C;20 мин;промаркированный;1 раз в месяц;сотрудник внутреннего клининга;визуальный контроль/сотрудник отдела качества
;Поверхности;воротароллета;ворота/роллета;ворота/роллета;;90;;;мойка;;ХИМИТЕК ЧУДОДЕЙ®-КОМБИ-ПЕНАКТИВ;ручной (протирание, обработка щёткой);2,0 % – 3,0 % дозирующая система ProMax;18-20 °C;;промаркированный;1 раз в месяц;сотрудник внутреннего клининга;визуальный контроль/сотрудник отдела качества
;Поверхности;воротароллета;ворота/роллета;ворота/роллета;;90;;;дезинфекция;;ХИМИТЕК ПОЛИДЕЗ®-СУПЕР;ручной (протирание);0,02 % – 0,05 % (по НУК), дозирующая система ProMax;18-20 °C;20 мин;промаркированный;1 раз в месяц;сотрудник внутреннего клининга;визуальный контроль/сотрудник отдела качества
;Поверхности;выключатели;выключатели;выключатели;;65;;;мойка;;ХИМИТЕК УНИВЕРСАЛ-ПД-Н;ручной (протирание, обработка щёткой);3,0 % – 4,0 %, дозирующая система ProMax;не ниже 40°C;;промаркированный;1 раз в месяц;сотрудник внутреннего клининга;визуальный контроль/сотрудник отдела качества
;Поверхности;выключатели;выключатели;выключатели;;65;;;дезинфекция;;ХИМИТЕК ПОЛИДЕЗ®-СУПЕР;ручной (протирание);0,02 % – 0,05 % (по НУК), дозирующая система ProMax;18-20 °C;20 мин;промаркированный;1 раз в месяц;сотрудник внутреннего клининга;визуальный контроль/сотрудник отдела качества
;Поверхности;вытяжные зонты а;вытяжные зонты алюминиевые;вытяжные зонты;А;25;;;мойка;;ХИМИТЕК УНИВЕРСАЛ-ПД-Н;ручной (протирание);3,0 % – 4,0 %, дозирующая система ProMax;не ниже 40°C;;промаркированный;1 раз в месяц;сотрудник внутреннего клининга;визуальный контроль/сотрудник отдела качества
;Поверхности;вытяжные зонты а;вытяжные зонты алюминиевые;вытяжные зонты;А;25;;;дезинфекция;;ХИМИТЕК ПОЛИДЕЗ®-СУПЕР;ручной (протирание);0,02 % – 0,05 % (по НУК), дозирующая система ProMax;18-20 °C;20 мин;промаркированный;1 раз в месяц;сотрудник внутреннего клининга;визуальный контроль/сотрудник отдела качества
;Поверхности;вытяжные зонты н;вытяжные зонты из нержавеющей стали;вытяжные зонты;Н;25;;;мойка;;ХИМИТЕК УНИВЕРСАЛ-ПД-Н;ручной (протирание);3,0 % – 4,0 %, дозирующая система ProMax;не ниже 40°C;;промаркированный;1 раз в месяц;сотрудник внутреннего клининга;визуальный контроль/сотрудник отдела качества
;Поверхности;вытяжные зонты н;вытяжные зонты из нержавеющей стали;вытяжные зонты;Н;25;;;дезинфекция;;ХИМИТЕК ПОЛИДЕЗ®-СУПЕР;ручной (протирание);0,02 % – 0,05 % (по НУК), дозирующая система ProMax;18-20 °C;20 мин;промаркированный;1 раз в месяц;сотрудник внутреннего клининга;визуальный контроль/сотрудник отдела качества
;Поверхности;гидравлические тележки;гидравлические тележки;гидравлические тележки;;180;;;мойка;;ХИМИТЕК ЧУДОДЕЙ®-КОМБИ-ПЕНАКТИВ;ручной (нанесение пены, обработка щёткой);2,0 % АВД;18-20 °C;;промаркированный;1 раз в неделю;сотрудник внутреннего клининга;визуальный контроль/сотрудник отдела качества
;Поверхности;гидравлические тележки;гидравлические тележки;гидравлические тележки;;180;;;дезинфекция;;ХИМИТЕК ПОЛИДЕЗ®-СУПЕР;ручной (протирание);0,02 % – 0,05 % (по НУК), дозирующая система ProMax;18-20 °C;20 мин;промаркированный;1 раз в неделю;сотрудник внутреннего клининга;визуальный контроль/сотрудник отдела качества
;Поверхности;двери;двери;двери;;90;;;мойка;;ХИМИТЕК ЧУДОДЕЙ®-КОМБИ-ПЕНАКТИВ;ручной (протирание, обработка щёткой);2,0 % – 3,0 % дозирующая система ProMax;18-20 °C;;промаркированный;1 раз в месяц;сотрудник внутреннего клининга;визуальный контроль/сотрудник отдела качества
;Поверхности;двери;двери;двери;;90;;;дезинфекция;;ХИМИТЕК ПОЛИДЕЗ®-СУПЕР;ручной (протирание);0,02 % – 0,05 % (по НУК), дозирующая система ProMax;18-20 °C;20 мин;промаркированный;1 раз в месяц;сотрудник внутреннего клининга;визуальный контроль/сотрудник отдела качества
