object_id;category_name;normalized_name;display_name;base_name;modifier;sort_priority;instruction_id;cleaning_method;instruction_number;product_name;cleaning_technique;concentration;temperature;exposure_time;inventory;frequency;executor;control_method
;Поверхности;бактерицидные лампы;бактерицидные лампы;бактерицидные лампы;;0;;мойка;;ХИМИТЕК ЧУДОДЕЙ®-КОМБИ-ПЕНАКТИВ;ручной (протирание);2,0 % – 3,0 % дозирующая система ProMax;18-20 °C;;промаркированный;1 раз в месяц;сотрудник внутреннего клининга;визуальный контроль/сотрудник отдела качества
;Поверхности;бактерицидные лампы;бактерицидные лампы;бактерицидные лампы;;0;;дезинфекция;;ХИМИТЕК ПОЛИДЕЗ®-СУПЕР;ручной (протирание);0,02 % – 0,05 % (по НУК), дозирующая система ProMax;18-20 °C;20 мин;промаркированный;1 раз в месяц;сотрудник внутреннего клининга;визуальный контроль/сотрудник отдела качества
;Поверхности;бойлера;бойлер;бойлер;;0;;мойка;;ХИМИТЕК ЧУДОДЕЙ®-КОМБИ-ПЕНАКТИВ;ручной (нанесение пены, обработка щёткой);2,0 % АВД;18-20 °C;;промаркированный;1 раз в неделю;сотрудник внутреннего клининга;визуальный контроль/сотрудник отдела качества
;Поверхности;бойлера;бойлер;бойлер;;0;;дезинфекция;;ХИМИТЕК ПОЛИДЕЗ®-СУПЕР;ручной (протирание);0,02 % – 0,05 % (по НУК), дозирующая система ProMax;18-20 °C;20 мин;промаркированный;1 раз в неделю;сотрудник внутреннего клининга;визуальный контроль/сотрудник отдела качества
;Поверхности;вентиляторы;вентилятор;вентилятор;;0;;;;;;;;;;;;
;Поверхности;вентиляторы;вентилятор;вентилятор;;0;;;;;;;;;;;;
;Поверхности;вентиляционные трубы;вентиляционные трубы;вентиляционные трубы;;0;;очистка (обеспыливание поверхностей);;;ручной (протирание);;;;промаркированный;1 раз в 3 месяца;сотрудник внутреннего клининга;визуальный контроль/сотрудник отдела качества
;Поверхности;вентиляционные трубы;вентиляционные трубы;вентиляционные трубы;;0;;мойка;;ХИМИТЕК ЧУДОДЕЙ®-КОМБИ-ПЕНАКТИВ;ручной (протирание, обработка щёткой);2,0 % – 3,0 % дозирующая система ProMax;18-20 °C;;промаркированный;1 раз в 3 месяца;сотрудник внутреннего клининга;визуальный контроль/сотрудник отдела качества
;Поверхности;вентиляционные трубы;вентиляционные трубы;вентиляционные трубы;;0;;дезинфекция;;ХИМИТЕК ПОЛИДЕЗ®-СУПЕР;ручной (протирание);0,02 % – 0,05 % (по НУК), дозирующая система ProMax;18-20 °C;20 мин;промаркированный;1 раз в 6 месяцев;сотрудник внутреннего клининга;визуальный контроль/сотрудник отдела качества
;Поверхности;водопроводные трубы;водопроводные трубы;водопроводные трубы;;0;;мойка;;ХИМИТЕК ЧУДОДЕЙ®-КОМБИ-ПЕНАКТИВ;ручной (протирание, обработка щёткой);2,0 % – 3,0 % дозирующая система ProMax;18-20 °C;;промаркированный;1 раз в месяц;сотрудник внутреннего клининга;визуальный контроль/сотрудник отдела качества
;Поверхности;водопроводные трубы;водопроводные трубы;водопроводные трубы;;0;;дезинфекция;;ХИМИТЕК ПОЛИДЕЗ®-СУПЕР;ручной (протирание);0,02 % – 0,05 % (по НУК), дозирующая система ProMax;18-20 °C;20 мин;промаркированный;1 раз в месяц;сотрудник внутреннего клининга;визуальный контроль/сотрудник отдела качества
;Поверхности;воротароллета;ворота/роллета;ворота/роллета;;0;;;;;;;;;;;;
;Поверхности;воротароллета;ворота/роллета;ворота/роллета;;0;;;;;;;;;;;;
;Поверхности;выключатели;выключатели;выключатели;;0;;дезинфекция;;ХИМИТЕК ПОЛИДЕЗ®-СУПЕР;ручной (протирание);0,02 % – 0,05 % (по НУК), дозирующая система ProMax;18-20 °C;20 мин;промаркированный;2 раза в смену;сотрудник внутреннего клининга;визуальный контроль/сотрудник отдела качества
;Поверхности;выключатели;выключатели;выключатели;;0;;мойка;;ХИМИТЕК УНИВЕРСАЛ-ПД-Н;ручной (протирание, обработка щёткой);3,0 % – 4,0 %, дозирующая система ProMax;не ниже 40°C;;промаркированный;1 раз в месяц;сотрудник внутреннего клининга;визуальный контроль/сотрудник отдела качества
;Поверхности;вытяжные зонты а;вытяжные зонты алюминиевые;вытяжные зонты;А;0;;мойка;;ХИМИТЕК УНИВЕРСАЛ-ПД-Н;ручной (протирание);3,0 % – 4,0 %, дозирующая система ProMax;не ниже 40°C;;промаркированный;1 раз в месяц;сотрудник внутреннего клининга;визуальный контроль/сотрудник отдела качества
;Поверхности;вытяжные зонты а;вытяжные зонты алюминиевые;вытяжные зонты;А;0;;дезинфекция;;ХИМИТЕК ПОЛИДЕЗ®-СУПЕР;ручной (протирание);0,02 % – 0,05 % (по НУК), дозирующая система ProMax;18-20 °C;20 мин;промаркированный;1 раз в месяц;сотрудник внутреннего клининга;визуальный контроль/сотрудник отдела качества
;Поверхности;вытяжные зонты н;вытяжные зонты из нержавеющей стали;вытяжные зонты;Н;0;;мойка;;ХИМИТЕК УНИВЕРСАЛ-ПД-Н;ручной (протирание);3,0 % – 4,0 %, дозирующая система ProMax;не ниже 40°C;;промаркированный;1 раз в месяц;сотрудник внутреннего клининга;визуальный контроль/сотрудник отдела качества
;Поверхности;вытяжные зонты а;вытяжные зонты алюминиевые;вытяжные зонты;Н;0;;дезинфекция;;ХИМИТЕК ПОЛИДЕЗ®-СУПЕР;ручной (протирание);0,02 % – 0,05 % (по НУК), дозирующая система ProMax;18-20 °C;20 мин;промаркированный;1 раз в месяц;сотрудник внутреннего клининга;визуальный контроль/сотрудник отдела качества
;Поверхности;гидравлические тележки;гидравлические тележки;гидравлические тележки;;0;;мойка;;ХИМИТЕК ЧУДОДЕЙ®-КОМБИ-ПЕНАКТИВ;ручной (нанесение пены, обработка щёткой);2,0 % АВД;18-20 °C;;промаркированный;1 раз в неделю;сотрудник внутреннего клининга;визуальный контроль/сотрудник отдела качества
;Поверхности;гидравлические тележки;гидравлические тележки;гидравлические тележки;;0;;дезинфекция;;ХИМИТЕК ПОЛИДЕЗ®-СУПЕР;ручной (протирание);0,02 % – 0,05 % (по НУК), дозирующая система ProMax;18-20 °C;20 мин;промаркированный;1 раз в неделю;сотрудник внутреннего клининга;визуальный контроль/сотрудник отдела качества
;Поверхности;двери;двери;двери;;0;;мойка;;ХИМИТЕК ЧУДОДЕЙ®-КОМБИ-ПЕНАКТИВ;ручной (протирание, обработка щёткой);2,0 % – 3,0 % дозирующая система ProMax;18-20 °C;;промаркированный;1 раз в месяц;сотрудник внутреннего клининга;визуальный контроль/сотрудник отдела качества
;Поверхности;двери;двери;двери;;0;;дезинфекция;;ХИМИТЕК ПОЛИДЕЗ®-СУПЕР;ручной (протирание);0,02 % – 0,05 % (по НУК), дозирующая система ProMax;18-20 °C;20 мин;промаркированный;1 раз в месяц;сотрудник внутреннего клининга;визуальный контроль/сотрудник отдела качества
;Поверхности;дверные ручки;дверные ручки;дверные ручки;;0;;мойка;;ХИМИТЕК ЧУДОДЕЙ®-КОМБИ-ПЕНАКТИВ;ручной (протирание, обработка щёткой);2,0 % – 3,0 % дозирующая система ProMax;18-20 °C;;промаркированный;1 раз в месяц;сотрудник внутреннего клининга;визуальный контроль/сотрудник отдела качества
;Поверхности;дверные ручки;дверные ручки;дверные ручки;;0;;дезинфекция;;ХИМИТЕК ПОЛИДЕЗ®-СУПЕР;ручной (протирание);0,02 % – 0,05 % (по НУК), дозирующая система ProMax;18-20 °C;20 мин;промаркированный;1 раз в месяц;сотрудник внутреннего клининга;визуальный контроль/сотрудник отдела качества
;Поверхности;демосистема (контактная поверхность);демосистема (контактная поверхность);демосистема (контактная поверхность);;0;;мойка;;ХИМИТЕК ЧУДОДЕЙ®-КОМБИ-ПЕНАКТИВ;ручной (протирание, обработка щёткой);2,0 % – 3,0 % дозирующая система ProMax;18-20 °C;;промаркированный;1 раз в месяц;сотрудник внутреннего клининга;визуальный контроль/сотрудник отдела качества
;Поверхности;демосистема (контактная поверхность);демосистема (контактная поверхность);демосистема (контактная поверхность);;0;;дезинфекция;;ХИМИТЕК ПОЛИДЕЗ®-СУПЕР;ручной (протирание);0,02 % – 0,05 % (по НУК), дозирующая система ProMax;18-20 °C;20 мин;промаркированный;1 раз в месяц;сотрудник внутреннего клининга;визуальный контроль/сотрудник отдела качества
;Поверхности;держатели для досок;держатели для досок;держатели для досок;;0;;мойка;;ХИМИТЕК ЧУДОДЕЙ®-КОМБИ-ПЕНАКТИВ;ручной (протирание, обработка щёткой);2,0 % – 3,0 % дозирующая система ProMax;18-20 °C;;промаркированный;1 раз в смену;сотрудник внутреннего клининга;визуальный контроль/сотрудник отдела качества
;Поверхности;держатели для досок;держатели для досок;держатели для досок;;0;;дезинфекция;;ХИМИТЕК ПОЛИДЕЗ®-СУПЕР;ручной (протирание);0,02 % – 0,05 % (по НУК), дозирующая система ProMax;18-20 °C;20 мин;промаркированный;1 раз в смену;сотрудник внутреннего клининга;визуальный контроль/сотрудник отдела качества
;Поверхности;держатели для инвентаря;держатели для инвентаря;держатели для инвентаря;;0;;мойка;;ХИМИТЕК ЧУДОДЕЙ®-КОМБИ-ПЕНАКТИВ;ручной (протирание, обработка щёткой);2,0 % – 3,0 % дозирующая система ProMax;18-20 °C;;промаркированный;1 раз в смену;сотрудник внутреннего клининга;визуальный контроль/сотрудник отдела качества
;Поверхности;держатели для инвентаря;держатели для инвентаря;держатели для инвентаря;;0;;дезинфекция;;ХИМИТЕК ПОЛИДЕЗ®-СУПЕР;ручной (протирание);0,02 % – 0,05 % (по НУК), дозирующая система ProMax;18-20 °C;20 мин;промаркированный;1 раз в смену;сотрудник внутреннего клининга;визуальный контроль/сотрудник отдела качества
;Поверхности;держатели для ножей;держатели для ножей;держатели для ножей;;0;;мойка;;ХИМИТЕК ЧУДОДЕЙ®-КОМБИ-ПЕНАКТИВ;ручной (протирание, обработка щёткой);2,0 % – 3,0 % дозирующая система ProMax;18-20 °C;;промаркированный;1 раз в смену;сотрудник внутреннего клининга;визуальный контроль/сотрудник отдела качества
;Поверхности;держатели для ножей;держатели для ножей;держатели для ножей;;0;;дезинфекция;;ХИМИТЕК ПОЛИДЕЗ®-СУПЕР;ручной (протирание);0,02 % – 0,05 % (по НУК), дозирующая система ProMax;18-20 °C;20 мин;промаркированный;1 раз в смену;сотрудник внутреннего клининга;визуальный контроль/сотрудник отдела качества
;Поверхности;диффузоры;диффузоры;диффузоры;;0;;очистка (обеспыливание поверхностей);;;ручной (протирание);;;;промаркированный;1 раз в 3 месяца;сотрудник внутреннего клининга;визуальный контроль/сотрудник отдела качества
;Поверхности;диффузоры;диффузоры;диффузоры;;0;;мойка;;ХИМИТЕК ЧУДОДЕЙ®-КОМБИ-ПЕНАКТИВ;ручной (протирание, обработка щёткой);2,0 % – 3,0 % дозирующая система ProMax;18-20 °C;;промаркированный;1 раз в 3 месяца;сотрудник внутреннего клининга;визуальный контроль/сотрудник отдела качества
;Поверхности;диффузоры;диффузоры;диффузоры;;0;;дезинфекция;;ХИМИТЕК ПОЛИДЕЗ®-СУПЕР;ручной (протирание);0,02 % – 0,05 % (по НУК), дозирующая система ProMax;18-20 °C;20 мин;промаркированный;1 раз в 6 месяцев;сотрудник внутреннего клининга;визуальный контроль/сотрудник отдела качества
;Поверхности;завесы пвх;завесы ПВХ;завесы;ПВХ;0;;мойка;;ХИМИТЕК ЧУДОДЕЙ®-КОМБИ-ПЕНАКТИВ;ручной (замачивание, обработка щёткой);2,0 % – 3,0 % дозирующая система ProMax;18-20 °C;;промаркированный;1 раз в неделю;сотрудник внутреннего клининга;визуальный контроль/сотрудник отдела качества
;Поверхности;завесы пвх;завесы ПВХ;завесы;ПВХ;0;;дезинфекция;;ХИМИТЕК ПОЛИДЕЗ®-СУПЕР;ручной (протирание);0,02 % – 0,05 % (по НУК), дозирующая система ProMax;18-20 °C;20 мин;промаркированный;1 раз в неделю;сотрудник внутреннего клининга;визуальный контроль/сотрудник отдела качества
;Поверхности;завесы тепловые;завесы тепловые;завесы тепловые;;0;;мойка;;ХИМИТЕК ЧУДОДЕЙ®-КОМБИ-ПЕНАКТИВ;ручной (протирание);2,0 % – 3,0 % дозирующая система ProMax;18-20 °C;;промаркированный;1 раз в месяц;сотрудник внутреннего клининга;визуальный контроль/сотрудник отдела качества
;Поверхности;завесы тепловые;завесы тепловые;завесы тепловые;;0;;дезинфекция;;ХИМИТЕК ПОЛИДЕЗ®-СУПЕР;ручной (протирание);0,02 % – 0,05 % (по НУК), дозирующая система ProMax;18-20 °C;20 мин;промаркированный;1 раз в месяц;сотрудник внутреннего клининга;визуальный контроль/сотрудник отдела качества
;Поверхности;инсектицидные лампы;инсектицидные лампы;инсектицидные лампы;;0;;мойка;;ХИМИТЕК УНИВЕРСАЛ-ПД-Н;ручной (протирание);3,0 % – 4,0 %, дозирующая система ProMax;не ниже 40°C;;промаркированный;1 раз в месяц;сотрудник инженерной службы;визуальный контроль/технолог
;Поверхности;кабель-каналы;кабель-каналы;кабель-каналы;;0;;мойка;;ХИМИТЕК ЧУДОДЕЙ®-КОМБИ-ПЕНАКТИВ;ручной (протирание, обработка щёткой);2,0 % – 3,0 % дозирующая система ProMax;18-20 °C;;промаркированный;1 раз в месяц;сотрудник внутреннего клининга;визуальный контроль/сотрудник отдела качества
;Поверхности;кабель-каналы;кабель-каналы;кабель-каналы;;0;;дезинфекция;;ХИМИТЕК ПОЛИДЕЗ®-СУПЕР;ручной (протирание);0,02 % – 0,05 % (по НУК), дозирующая система ProMax;18-20 °C;20 мин;промаркированный;1 раз в месяц;сотрудник внутреннего клининга;визуальный контроль/сотрудник отдела качества
;Поверхности;кондиционер;кондиционер;кондиционер;;0;;очистка (обеспыливание поверхностей);;;ручной (протирание);;;;промаркированный;1 раз в 3 месяца;сотрудник внутреннего клининга;визуальный контроль/сотрудник отдела качества
;Поверхности;кондиционер;кондиционер;кондиционер;;0;;мойка;;ХИМИТЕК ЧУДОДЕЙ®-КОМБИ-ПЕНАКТИВ;ручной (протирание, обработка щёткой);2,0 % – 3,0 % дозирующая система ProMax;18-20 °C;;промаркированный;1 раз в 6 месяцев;сотрудник внутреннего клининга;визуальный контроль/сотрудник отдела качества
;Поверхности;кондиционер;кондиционер;кондиционер;;0;;дезинфекция;;ХИМИТЕК ПОЛИДЕЗ®-СУПЕР;ручной (протирание);0,02 % – 0,05 % (по НУК), дозирующая система ProMax;18-20 °C;20 мин;промаркированный;1 раз в 6 месяцев;сотрудник внутреннего клининга;визуальный контроль/сотрудник отдела качества
;Поверхности;контейнеры для отходов;контейнеры для отходов;контейнеры для отходов;;0;;мойка;;ХИМИТЕК ЧУДОДЕЙ®-КОМБИ-ПЕНАКТИВ;ручной (обработка щёткой);2,0 % – 3,0 % дозирующая система ProMax;18-20 °C;;промаркированный;после каждого удаления отходов;сотрудник внутреннего клининга;визуальный контроль/сотрудник отдела качества
;Поверхности;контейнеры для отходов;контейнеры для отходов;контейнеры для отходов;;0;;дезинфекция;;ХИМИТЕК ПОЛИДЕЗ®-СУПЕР;ручной (протирание);0,02 % – 0,05 % (по НУК), дозирующая система ProMax;18-20 °C;20 мин;промаркированный;после каждого удаления отходов;сотрудник внутреннего клининга;визуальный контроль/сотрудник отдела качества
;Поверхности;лестницы;лестницы;лестницы;;0;;мойка;;ХИМИТЕК ЧУДОДЕЙ®-КОМБИ-ПЕНАКТИВ;ручной (протирание, обработка щёткой);2,0 % – 3,0 % дозирующая система ProMax;18-20 °C;;промаркированный;1 раз в месяц;сотрудник внутреннего клининга;визуальный контроль/сотрудник отдела качества
;Поверхности;лестницы;лестницы;лестницы;;0;;дезинфекция;;ХИМИТЕК ПОЛИДЕЗ®-СУПЕР;ручной (протирание);0,02 % – 0,05 % (по НУК), дозирующая система ProMax;18-20 °C;20 мин;промаркированный;1 раз в месяц;сотрудник внутреннего клининга;визуальный контроль/сотрудник отдела качества
;Поверхности;металлоконструкции;металлоконструкции;металлоконструкции;;0;;мойка;;ХИМИТЕК ЧУДОДЕЙ®-КОМБИ-ПЕНАКТИВ;ручной (нанесение пены, обработка щёткой);2,0 % АВД;18-20 °C;;промаркированный;1 раз в неделю;сотрудник внутреннего клининга;визуальный контроль/сотрудник отдела качества
;Поверхности;металлоконструкции;металлоконструкции;металлоконструкции;;0;;дезинфекция;;ХИМИТЕК ПОЛИДЕЗ®-СУПЕР;ручной (протирание);0,02 % – 0,05 % (по НУК), дозирующая система ProMax;18-20 °C;20 мин;промаркированный;1 раз в неделю;сотрудник внутреннего клининга;визуальный контроль/сотрудник отдела качества
;Поверхности;мусорные корзины;мусорные корзины;мусорные корзины;;0;;мойка;;ХИМИТЕК ЧУДОДЕЙ®-КОМБИ-ПЕНАКТИВ;ручной (протирание, обработка щёткой);2,0 % – 3,0 % дозирующая система ProMax;18-20 °C;;промаркированный;1 раз в неделю;сотрудник внутреннего клининга;визуальный контроль/сотрудник отдела качества
;Поверхности;мусорные корзины;мусорные корзины;мусорные корзины;;0;;дезинфекция;;ХИМИТЕК ПОЛИДЕЗ®-СУПЕР;ручной (протирание);0,02 % – 0,05 % (по НУК), дозирующая система ProMax;18-20 °C;20 мин;промаркированный;1 раз в неделю;сотрудник внутреннего клининга;визуальный контроль/сотрудник отдела качества
;Поверхности;окна внешние;окна внешние;окна внешние;;0;;мойка;;ХИМИТЕК ЧАРОЙТ®-СПРЕЙ;ручной (протирание);готовая форма;;;промаркированный;1 раз в месяц (летний период);сотрудник внутреннего клининга;визуальный контроль/сотрудник отдела качества
;Поверхности;окна внутрицеховые;окна внутрицеховые;окна внутрицеховые;;0;;мойка;;ХИМИТЕК ЧАРОЙТ®-СПРЕЙ;ручной (протирание);готовая форма;;;промаркированный;1 раз в месяц (летний период);сотрудник внутреннего клининга;визуальный контроль/сотрудник отдела качества
;Поверхности;отопительные приборы;отопительные приборы;отопительные приборы;;0;;очистка (обеспыливание поверхностей);;;ручной (протирание);;;;промаркированный;1 раз в 3 месяца;сотрудник внутреннего клининга;визуальный контроль/сотрудник отдела качества
;Поверхности;отопительные приборы;отопительные приборы;отопительные приборы;;0;;мойка;;ХИМИТЕК УНИВЕРСАЛ-ПД-Н;ручной (протирание, обработка щёткой);3,0 % – 4,0 %, дозирующая система ProMax;не ниже 40°C;;промаркированный;1 раз в 6 месяцев;сотрудник внутреннего клининга;визуальный контроль/сотрудник отдела качества
;Поверхности;отопительные приборы;отопительные приборы;отопительные приборы;;0;;дезинфекция;;ХИМИТЕК ПОЛИДЕЗ®-СУПЕР;ручной (протирание);0,02 % – 0,05 % (по НУК), дозирующая система ProMax;18-20 °C;20 мин;промаркированный;1 раз в 6 месяцев;сотрудник внутреннего клининга;визуальный контроль/сотрудник отдела качества
;Поверхности;пластиковые паллеты;пластиковые паллеты;пластиковые паллеты;;0;;мойка;;ХИМИТЕК ЧУДОДЕЙ®-КОМБИ-ПЕНАКТИВ;ручной (нанесение пены, обработка щёткой);2,0 % АВД;18-20 °C;;промаркированный;по мере освобождения;сотрудник внутреннего клининга;визуальный контроль/сотрудник отдела качества
;Поверхности;пластиковые паллеты;пластиковые паллеты;пластиковые паллеты;;0;;дезинфекция;;ХИМИТЕК ПОЛИДЕЗ®-СУПЕР;ручной (протирание);0,02 % – 0,05 % (по НУК), дозирующая система ProMax;18-20 °C;20 мин;промаркированный;по мере освобождения;сотрудник внутреннего клининга;визуальный контроль/сотрудник отдела качества
;Поверхности;пластиковые подкаты;пластиковые подкаты;пластиковые подкаты;;0;;мойка;;ХИМИТЕК ЧУДОДЕЙ®-КОМБИ-ПЕНАКТИВ;ручной (нанесение пены, обработка щёткой);2,0 % АВД;18-20 °C;;промаркированный;1 раз в неделю;сотрудник внутреннего клининга;визуальный контроль/сотрудник отдела качества
;Поверхности;пластиковые подкаты;пластиковые подкаты;пластиковые подкаты;;0;;дезинфекция;;ХИМИТЕК ПОЛИДЕЗ®-СУПЕР;ручной (протирание);0,02 % – 0,05 % (по НУК), дозирующая система ProMax;18-20 °C;20 мин;промаркированный;1 раз в неделю;сотрудник внутреннего клининга;визуальный контроль/сотрудник отдела качества
;Поверхности;погрузчики;погрузчики;погрузчики;;0;;мойка;;ХИМИТЕК ЧУДОДЕЙ®-КОМБИ-ПЕНАКТИВ;ручной (нанесение пены, обработка щёткой);2,0 % АВД;18-20 °C;;промаркированный;1 раз в неделю;сотрудник внутреннего клининга;визуальный контроль/сотрудник отдела качества
;Поверхности;погрузчики;погрузчики;погрузчики;;0;;дезинфекция;;ХИМИТЕК ПОЛИДЕЗ®-СУПЕР;ручной (протирание);0,02 % – 0,05 % (по НУК), дозирующая система ProMax;18-20 °C;20 мин;промаркированный;1 раз в неделю;сотрудник внутреннего клининга;визуальный контроль/сотрудник отдела качества
;Поверхности;пожарный щит;пожарный щит;пожарный щит;;0;;мойка;;ХИМИТЕК ЧУДОДЕЙ®-КОМБИ-ПЕНАКТИВ;ручной (нанесение пены, обработка щёткой);2,0 % АВД;18-20 °C;;промаркированный;1 раз в неделю;сотрудник внутреннего клининга;визуальный контроль/сотрудник отдела качества
;Поверхности;пожарный щит;пожарный щит;пожарный щит;;0;;дезинфекция;;ХИМИТЕК ПОЛИДЕЗ®-СУПЕР;ручной (протирание);0,02 % – 0,05 % (по НУК), дозирующая система ProMax;18-20 °C;20 мин;промаркированный;1 раз в неделю;сотрудник внутреннего клининга;визуальный контроль/сотрудник отдела качества
;Поверхности;пол;пол;пол;;0;;дезинфекция;;ХИМИТЕК ПОЛИДЕЗ®-СУПЕР;ручной (протирание);0,02 % – 0,05 % (по НУК), дозирующая система ProMax;18-20 °C;20 мин;промаркированный;2 раза в смену;сотрудник внутреннего клининга;визуальный контроль/сотрудник отдела качества
;Поверхности;пол;пол;пол;;0;;мойка;;ХИМИТЕК ПОЛИКОР® ;ручной (обработка щёткой);10% (ручное разведение);не ниже 40 °C;;промаркированный;2 раза в смену;сотрудник внутреннего клининга;визуальный контроль/сотрудник отдела качества
;Поверхности;потолок () ок;потолок окрашенный;потолок (высота _____м);ОК;0;;очистка (обеспыливание поверхностей);;;ручной (протирание);;;;промаркированный;1 раз в 3 месяца;сотрудник внутреннего клининга;визуальный контроль/сотрудник отдела качества
;Поверхности;потолок () ок;потолок окрашенный;потолок (высота _____м);ОК;0;;мойка;;ХИМИТЕК УНИВЕРСАЛ-ПД-Н;ручной (протирание, обработка щёткой);3,0 % – 4,0 %, дозирующая система ProMax;не ниже 40°C;;промаркированный;1 раз в 12 месяцев;сотрудник внутреннего клининга;визуальный контроль/сотрудник отдела качества
;Поверхности;потолок () ок;потолок окрашенный;потолок (высота _____м);ОК;0;;дезинфекция;;ХИМИТЕК ПОЛИДЕЗ®-СУПЕР;ручной (протирание);0,02 % – 0,05 % (по НУК), дозирующая система ProMax;18-20 °C;20 мин;промаркированный;1 раз в 12 месяцев;сотрудник внутреннего клининга;визуальный контроль/сотрудник отдела качества
;Поверхности;потолок () п;потолок подвесной;потолок (высота _____м);П;0;;очистка (обеспыливание поверхностей);;;ручной (протирание);;;;промаркированный;1 раз в 3 месяца;сотрудник внутреннего клининга;визуальный контроль/сотрудник отдела качества
;Поверхности;потолок () п;потолок подвесной;потолок (высота _____м);П;0;;мойка;;ХИМИТЕК УНИВЕРСАЛ-ПД-Н;ручной (протирание, обработка щёткой);3,0 % – 4,0 %, дозирующая система ProMax;не ниже 40°C;;промаркированный;1 раз в 12 месяцев;сотрудник внутреннего клининга;визуальный контроль/сотрудник отдела качества
;Поверхности;потолок () п;потолок подвесной;потолок (высота _____м);П;0;;дезинфекция;;ХИМИТЕК ПОЛИДЕЗ®-СУПЕР;ручной (протирание);0,02 % – 0,05 % (по НУК), дозирующая система ProMax;18-20 °C;20 мин;промаркированный;1 раз в 12 месяцев;сотрудник внутреннего клининга;визуальный контроль/сотрудник отдела качества
;Поверхности;резиновые коврики;резиновые коврики;резиновые коврики;;0;;;;;;;;;;;;
;Поверхности;розетки;розетки;розетки;;0;;мойка;;ХИМИТЕК ЧУДОДЕЙ®-КОМБИ-ПЕНАКТИВ;ручной (протирание, обработка щёткой);2,0 % – 3,0 % дозирующая система ProMax;18-20 °C;;промаркированный;1 раз в месяц;сотрудник внутреннего клининга;визуальный контроль/сотрудник отдела качества
;Поверхности;розетки;розетки;розетки;;0;;дезинфекция;;ХИМИТЕК ПОЛИДЕЗ®-СУПЕР;ручной (протирание);0,02 % – 0,05 % (по НУК), дозирующая система ProMax;18-20 °C;20 мин;промаркированный;1 раз в месяц;сотрудник внутреннего клининга;визуальный контроль/сотрудник отдела качества
;Поверхности;светильники;светильники;светильники;;0;;очистка (обеспыливание поверхностей);;;ручной (протирание);;;;промаркированный;1 раз в 3 месяца;сотрудник внутреннего клининга;визуальный контроль/сотрудник отдела качества
;Поверхности;светильники;светильники;светильники;;0;;мойка;;ХИМИТЕК ЧУДОДЕЙ®-КОМБИ-ПЕНАКТИВ;ручной (протирание, обработка щёткой);2,0 % – 3,0 % дозирующая система ProMax;18-20 °C;;промаркированный;1 раз в 3 месяца;сотрудник внутреннего клининга;визуальный контроль/сотрудник отдела качества
;Поверхности;светильники;светильники;светильники;;0;;дезинфекция;;ХИМИТЕК ПОЛИДЕЗ®-СУПЕР;ручной (протирание);0,02 % – 0,05 % (по НУК), дозирующая система ProMax;18-20 °C;20 мин;промаркированный;1 раз в 6 месяцев;сотрудник внутреннего клининга;визуальный контроль/сотрудник отдела качества
;Поверхности;сплит-системы;сплит-системы;сплит-системы;;0;;мойка;;ХИМИТЕК ЧУДОДЕЙ®-КОМБИ-ПЕНАКТИВ;ручной (протирание, обработка щёткой);2,0 % – 3,0 % дозирующая система ProMax;18-20 °C;;промаркированный;1 раз в 6 месяцев;сотрудник внутреннего клининга;визуальный контроль/сотрудник отдела качества
;Поверхности;сплит-системы;сплит-системы;сплит-системы;;0;;дезинфекция;;ХИМИТЕК ПОЛИДЕЗ®-СУПЕР;ручной (протирание);0,02 % – 0,05 % (по НУК), дозирующая система ProMax;18-20 °C;20 мин;промаркированный;1 раз в 6 месяцев;сотрудник внутреннего клининга;визуальный контроль/сотрудник отдела качества
;Поверхности;стены (выше 2 м);стены (выше 2 м);стены (выше 2 м);;0;;очистка (обеспыливание поверхностей);;;ручной (протирание);;;;промаркированный;1 раз в 3 месяца;сотрудник внутреннего клининга;визуальный контроль/сотрудник отдела качества
;Поверхности;стены (выше 2 м);стены (выше 2 м);стены (выше 2 м);;0;;мойка;;ХИМИТЕК ЧУДОДЕЙ®-КОМБИ-ПЕНАКТИВ;ручной (протирание, обработка щёткой);2,0 % – 3,0 % дозирующая система ProMax;18-20 °C;;промаркированный;1 раз в 3 месяца;сотрудник внутреннего клининга;визуальный контроль/сотрудник отдела качества
;Поверхности;стены (выше 2 м);стены (выше 2 м);стены (выше 2 м);;0;;дезинфекция;;ХИМИТЕК ПОЛИДЕЗ®-СУПЕР;ручной (протирание);0,02 % – 0,05 % (по НУК), дозирующая система ProMax;18-20 °C;20 мин;промаркированный;1 раз в 6 месяцев;сотрудник внутреннего клининга;визуальный контроль/сотрудник отдела качества
;Поверхности;стерилизатор;стерилизатор;стерилизатор;;0;;мойка;;ХИМИТЕК ЧУДОДЕЙ®-КОМБИ-ПЕНАКТИВ;ручной (протирание);2,0 % – 3,0 % дозирующая система ProMax;18-20 °C;;промаркированный;1 раз в месяц;сотрудник внутреннего клининга;визуальный контроль/сотрудник отдела качества
;Поверхности;стерилизатор;стерилизатор;стерилизатор;;0;;дезинфекция;;ХИМИТЕК ПОЛИДЕЗ®-СУПЕР;ручной (протирание);0,02 % – 0,05 % (по НУК), дозирующая система ProMax;18-20 °C;20 мин;промаркированный;1 раз в месяц;сотрудник внутреннего клининга;визуальный контроль/сотрудник отдела качества
;Поверхности;стоки;стоки;стоки;;0;;прочистка;;ХИМИТЕК ЧУДОДЕЙ®-CIP;ручной (обработка щёткой);концентрат;;;промаркированный;1 раз в месяц;сотрудник внутреннего клининга;визуальный контроль/сотрудник отдела качества
;Поверхности;стоки;стоки;стоки;;0;;мойка;;ХИМИТЕК ЧУДОДЕЙ®-КОМБИ-ПЕНАКТИВ;ручной, обработка щёткой;2,0 % – 3,0 % дозирующая система ProMax;18-20 °C;;промаркированный;1 раз в смену;сотрудник внутреннего клининга;визуальный контроль/сотрудник отдела качества
;Поверхности;трапы;трапы;трапы;;0;;прочистка;;ХИМИТЕК ЧУДОДЕЙ®-CIP;ручной (обработка щёткой);концентрат;;;промаркированный;1 раз в месяц;сотрудник внутреннего клининга;визуальный контроль/сотрудник отдела качества
;Поверхности;трапы;трапы;трапы;;0;;мойка;;ХИМИТЕК ЧУДОДЕЙ®-КОМБИ-ПЕНАКТИВ;ручной, обработка щёткой;2,0 % – 3,0 % дозирующая система ProMax;18-20 °C;;промаркированный;1 раз в смену;сотрудник внутреннего клининга;визуальный контроль/сотрудник отдела качества
;Поверхности;часы;часы;часы;;0;;дезинфекция;;ХИМИТЕК ПОЛИДЕЗ®-СУПЕР;ручной (протирание);0,02 % – 0,05 % (по НУК), дозирующая система ProMax;18-20 °C;20 мин;промаркированный;1 раз в 6 месяцев;сотрудник внутреннего клининга;визуальный контроль/сотрудник отдела качества
;Поверхности;часы;часы;часы;;0;;мойка;;ХИМИТЕК ЧУДОДЕЙ®-КОМБИ-ПЕНАКТИВ;ручной (протирание, обработка щёткой);2,0 % – 3,0 % дозирующая система ProMax;18-20 °C;;промаркированный;1 раз в 6 месяцев;сотрудник внутреннего клининга;визуальный контроль/сотрудник отдела качества
;Поверхности;штабелёры;штабелёр;штабелёр;;0;;мойка;;ХИМИТЕК ЧУДОДЕЙ®-КОМБИ-ПЕНАКТИВ;ручной (протирание, обработка щёткой);2,0 % – 3,0 % дозирующая система ProMax;18-20 °C;;промаркированный;1 раз в смену;сотрудник внутреннего клининга;визуальный контроль/сотрудник отдела качества
;Поверхности;штабелёры;штабелёр;штабелёр;;0;;дезинфекция;;ХИМИТЕК ПОЛИДЕЗ®-СУПЕР;ручной (протирание);0,02 % – 0,05 % (по НУК), дозирующая система ProMax;18-20 °C;20 мин;промаркированный;1 раз в смену;сотрудник внутреннего клининга;визуальный контроль/сотрудник отдела качества
;Поверхности;электрощиты;электрощит;электрощит;;0;;мойка;;ХИМИТЕК ЧУДОДЕЙ®-КОМБИ-ПЕНАКТИВ;ручной (нанесение пены, обработка щёткой);2,0 % АВД;18-20 °C;;промаркированный;1 раз в неделю;сотрудник внутреннего клининга;визуальный контроль/сотрудник отдела качества
;Поверхности;электрощиты;электрощит;электрощит;;0;;мойка;;ХИМИТЕК ЧУДОДЕЙ®-КОМБИ-ПЕНАКТИВ;ручной (нанесение пены, обработка щёткой);2,0 % АВД;18-20 °C;;промаркированный;1 раз в неделю;сотрудник внутреннего клининга;визуальный контроль/сотрудник отдела качества
;Поверхности;ёлки для колец;ёлки для колец;ёлки;для колец;0;;мойка;;ХИМИТЕК ЧУДОДЕЙ®-КОМБИ-ПЕНАКТИВ;ручной (протирание, обработка щёткой);2,0 % – 3,0 % дозирующая система ProMax;18-20 °C;;промаркированный;1 раз в смену;сотрудник внутреннего клининга;визуальный контроль/сотрудник отдела качества
;Поверхности;ёлки для колец;ёлки для колец;ёлки;для колец;0;;дезинфекция;;ХИМИТЕК ПОЛИДЕЗ®-СУПЕР;ручной (протирание);0,02 % – 0,05 % (по НУК), дозирующая система ProMax;18-20 °C;20 мин;промаркированный;1 раз в смену;сотрудник внутреннего клининга;визуальный контроль/сотрудник отдела качества
;Сантехническое оборудование;душевая кабина;душевая кабина;душевая кабина;;0;;мойка;;ХИМИТЕК УНИВЕРСАЛ-ПД-Н;ручной (протирание, обработка щёткой);3,0 % – 4,0 %, дозирующая система ProMax;не ниже 40°C;;промаркированный;1 раз в неделю;сотрудник внутреннего клининга;визуальный контроль/сотрудник отдела качества
;Сантехническое оборудование;душевая кабина;душевая кабина;душевая кабина;;0;;дезинфекция;;ХИМИТЕК ПОЛИДЕЗ®-СУПЕР;ручной (протирание);0,02 % – 0,05 % (по НУК), дозирующая система ProMax;18-20 °C;20 мин;промаркированный;1 раз в неделю;сотрудник внутреннего клининга;визуальный контроль/сотрудник отдела качества
;Сантехническое оборудование;душевые секции;душевые секции;душевые секции;;0;;мойка;;ХИМИТЕК ПОЛИКОР® ;ручной, обработка щёткой;100% (используется без разведения);;;промаркированный;по мере необходимости;сотрудник внутреннего клининга;визуальный контроль/сотрудник отдела качества
;Сантехническое оборудование;душевые секции;душевые секции;душевые секции;;0;;дезинфекция;;ХИМИТЕК ПОЛИДЕЗ®-СУПЕР;ручной (протирание);0,02 % – 0,05 % (по НУК), дозирующая система ProMax;18-20 °C;20 мин;промаркированный;2 раза в смену;сотрудник внутреннего клининга;визуальный контроль/сотрудник отдела качества
;Сантехническое оборудование;писсуар;писсуар;писсуар;;0;;мойка;;ХИМИТЕК ПОЛИКОР® ;ручной, обработка щёткой;100% (используется без разведения);;;промаркированный;2 раза в смену,;сотрудник внутреннего клининга;визуальный контроль/сотрудник отдела качества
;Сантехническое оборудование;писсуар;писсуар;писсуар;;0;;дезинфекция;;ХИМИТЕК ПОЛИДЕЗ®-СУПЕР;ручной (протирание);0,02 % – 0,05 % (по НУК), дозирующая система ProMax;18-20 °C;20 мин;промаркированный;2 раза в смену;сотрудник внутреннего клининга;визуальный контроль/сотрудник отдела качества
;Сантехническое оборудование;раковина;раковина;раковина;;0;;мойка;;ХИМИТЕК ПОЛИКОР® ;ручной, обработка щёткой;100% (используется без разведения);;;промаркированный;по мере необходимости;сотрудник внутреннего клининга;визуальный контроль/сотрудник отдела качества
;Сантехническое оборудование;раковина;раковина;раковина;;0;;дезинфекция;;ХИМИТЕК ПОЛИДЕЗ®-СУПЕР;ручной (протирание);0,02 % – 0,05 % (по НУК), дозирующая система ProMax;18-20 °C;20 мин;промаркированный;2 раза в смену;сотрудник внутреннего клининга;визуальный контроль/сотрудник отдела качества
;Сантехническое оборудование;смеситель;смеситель;смеситель;;0;;мойка;;ХИМИТЕК ЧУДОДЕЙ®-КОМБИ-ПЕНАКТИВ;ручной (протирание, обработка щёткой);2,0 % – 3,0 % дозирующая система ProMax;18-20 °C;;промаркированный;1 раз в смену;сотрудник внутреннего клининга;визуальный контроль/сотрудник отдела качества
;Сантехническое оборудование;смеситель;смеситель;смеситель;;0;;дезинфекция;;ХИМИТЕК ПОЛИДЕЗ®-СУПЕР;ручной (протирание);0,02 % – 0,05 % (по НУК), дозирующая система ProMax;18-20 °C;20 мин;промаркированный;1 раз в смену;сотрудник внутреннего клининга;визуальный контроль/сотрудник отдела качества
;Сантехническое оборудование;технологическая мойка;технологическая мойка;технологическая мойка;;0;;мойка;;ХИМИТЕК ЧУДОДЕЙ®-КОМБИ-ПЕНАКТИВ;ручной (протирание, обработка щёткой);2,0 % – 3,0 % дозирующая система ProMax;18-20 °C;;промаркированный;1 раз в смену;сотрудник внутреннего клининга;визуальный контроль/сотрудник отдела качества
;Сантехническое оборудование;технологическая мойка;технологическая мойка;технологическая мойка;;0;;дезинфекция;;ХИМИТЕК ПОЛИДЕЗ®-СУПЕР;ручной (протирание);0,02 % – 0,05 % (по НУК), дозирующая система ProMax;18-20 °C;20 мин;промаркированный;1 раз в смену;сотрудник внутреннего клининга;визуальный контроль/сотрудник отдела качества
;Сантехническое оборудование;унитаз;унитаз;унитаз;;0;;мойка;;ХИМИТЕК ПОЛИКОР® ;ручной, обработка щёткой;100% (используется без разведения);;;промаркированный;2 раза в смену,;сотрудник внутреннего клининга;визуальный контроль/сотрудник отдела качества
;Сантехническое оборудование;унитаз;унитаз;унитаз;;0;;дезинфекция;;ХИМИТЕК ПОЛИДЕЗ®-СУПЕР;ручной (протирание);0,02 % – 0,05 % (по НУК), дозирующая система ProMax;18-20 °C;20 мин;промаркированный;2 раза в смену;сотрудник внутреннего клининга;визуальный контроль/сотрудник отдела качества
;Санитарный пост;бак для грязной одежды;бак для грязной одежды;бак для грязной одежды;;0;;мойка;;ХИМИТЕК ЧУДОДЕЙ®-КОМБИ-ПЕНАКТИВ;ручной (протирание, обработка щёткой);2,0 % – 3,0 % дозирующая система ProMax;18-20 °C;;промаркированный;1 раз в смену;сотрудник внутреннего клининга;визуальный контроль/сотрудник отдела качества
;Санитарный пост;бак для грязной одежды;бак для грязной одежды;бак для грязной одежды;;0;;дезинфекция;;ХИМИТЕК ПОЛИДЕЗ®-СУПЕР;ручной (протирание);0,02 % – 0,05 % (по НУК), дозирующая система ProMax;18-20 °C;20 мин;промаркированный;1 раз в смену;сотрудник внутреннего клининга;визуальный контроль/сотрудник отдела качества
;Санитарный пост;дезинфицирующие маты;дезинфицирующие маты;дезинфицирующие маты;;0;;мойка;;ХИМИТЕК ЧУДОДЕЙ®-КОМБИ-ПЕНАКТИВ;ручной (протирание, обработка щёткой);2,0 % – 3,0 % дозирующая система ProMax;18-20 °C;;промаркированный;1 раз в смену;сотрудник внутреннего клининга;визуальный контроль/сотрудник отдела качества
;Санитарный пост;дезинфицирующие маты;дезинфицирующие маты;дезинфицирующие маты;;0;;дезинфекция;;ХИМИТЕК ПОЛИДЕЗ®-СУПЕР;ручной (протирание);0,02 % – 0,05 % (по НУК), дозирующая система ProMax;18-20 °C;20 мин;промаркированный;1 раз в смену;сотрудник внутреннего клининга;визуальный контроль/сотрудник отдела качества
;Санитарный пост;диспенсер для тб;диспенсер для тулетной бумаги;диспенсер для тулетной бумаги;;0;;мойка;;ХИМИТЕК УНИВЕРСАЛ-ПД-Н;ручной (протирание, обработка щёткой);3,0 % – 4,0 %, дозирующая система ProMax;не ниже 40°C;;промаркированный;1 раз в неделю;сотрудник внутреннего клининга;визуальный контроль/сотрудник отдела качества
;Санитарный пост;диспенсер для тб;диспенсер для тулетной бумаги;диспенсер для тулетной бумаги;;0;;дезинфекция;;ХИМИТЕК ПОЛИДЕЗ®-СУПЕР;ручной (протирание);0,02 % – 0,05 % (по НУК), дозирующая система ProMax;18-20 °C;20 мин;промаркированный;1 раз в неделю;сотрудник внутреннего клининга;визуальный контроль/сотрудник отдела качества
;Санитарный пост;диспенсердержатель для полотенец;диспенсер/держатель для полотенец;диспенсер для полотенец;;0;;мойка;;ХИМИТЕК ЧУДОДЕЙ®-КОМБИ-ПЕНАКТИВ;ручной (протирание, обработка щёткой);2,0 % – 3,0 % дозирующая система ProMax;18-20 °C;;промаркированный;1 раз в неделю;сотрудник внутреннего клининга;визуальный контроль/сотрудник отдела качества
;Санитарный пост;диспенсердержатель для полотенец;диспенсер/держатель для полотенец;диспенсер для полотенец;;0;;дезинфекция;;ХИМИТЕК ПОЛИДЕЗ®-СУПЕР;ручной (протирание);0,02 % – 0,05 % (по НУК), дозирующая система ProMax;18-20 °C;20 мин;промаркированный;1 раз в неделю;сотрудник внутреннего клининга;визуальный контроль/сотрудник отдела качества
;Санитарный пост;дозаторы для мылаантисептика;дозаторы для мыла и антисептика;дозаторы для мыла и антисептика;;0;;мойка;;ХИМИТЕК ЧУДОДЕЙ®-КОМБИ-ПЕНАКТИВ;ручной (протирание);2,0 % – 3,0 % дозирующая система ProMax;18-20 °C;;промаркированный;при замене продукта;сотрудник внутреннего клининга;визуальный контроль/сотрудник отдела качества
;Санитарный пост;дозаторы для мылаантисептика;дозаторы для мыла и антисептика;дозаторы для мыла и антисептика;;0;;дезинфекция;;ХИМИТЕК ПОЛИДЕЗ®-СУПЕР;ручной (протирание);0,02 % – 0,05 % (по НУК), дозирующая система ProMax;18-20 °C;20 мин;промаркированный;при замене продукта;сотрудник внутреннего клининга;визуальный контроль/сотрудник отдела качества
;Санитарный пост;корзиныдиспенсеры для сиз;корзины/диспенсеры для СИЗ;корзины/диспенсеры для;СИЗ;0;;мойка;;ХИМИТЕК ЧУДОДЕЙ®-КОМБИ-ПЕНАКТИВ;ручной (протирание);2,0 % – 3,0 % дозирующая система ProMax;18-20 °C;;промаркированный;при замене продукта;сотрудник внутреннего клининга;визуальный контроль/сотрудник отдела качества
;Санитарный пост;корзиныдиспенсеры для сиз;корзины/диспенсеры для СИЗ;корзины/диспенсеры для;СИЗ;0;;дезинфекция;;ХИМИТЕК ПОЛИДЕЗ®-СУПЕР;ручной (протирание);0,02 % – 0,05 % (по НУК), дозирующая система ProMax;18-20 °C;20 мин;промаркированный;при замене продукта;сотрудник внутреннего клининга;визуальный контроль/сотрудник отдела качества
;Санитарный пост;модульный санпропускник;модульный санпропускник;модульный санпропускник;;0;;мойка;;ХИМИТЕК ЧУДОДЕЙ®-КОМБИ-ПЕНАКТИВ;ручной (протирание);2,0 % – 3,0 % дозирующая система ProMax;18-20 °C;;промаркированный;при замене продукта;сотрудник внутреннего клининга;визуальный контроль/сотрудник отдела качества
;Санитарный пост;модульный санпропускник;модульный санпропускник;модульный санпропускник;;0;;дезинфекция;;ХИМИТЕК ПОЛИДЕЗ®-СУПЕР;ручной (протирание);0,02 % – 0,05 % (по НУК), дозирующая система ProMax;18-20 °C;20 мин;промаркированный;при замене продукта;сотрудник внутреннего клининга;визуальный контроль/сотрудник отдела качества
;Санитарный пост;санитарный пост;санитарный пост;санитарный пост;;0;;мойка;;ХИМИТЕК ЧУДОДЕЙ®-КОМБИ-ПЕНАКТИВ;ручной (протирание, обработка щёткой);2,0 % – 3,0 % дозирующая система ProMax;18-20 °C;;промаркированный;1 раз в смену;сотрудник внутреннего клининга;визуальный контроль/сотрудник отдела качества
;Санитарный пост;санитарный пост;санитарный пост;санитарный пост;;0;;дезинфекция;;ХИМИТЕК ПОЛИДЕЗ®-СУПЕР;ручной (протирание);0,02 % – 0,05 % (по НУК), дозирующая система ProMax;18-20 °C;20 мин;промаркированный;1 раз в смену;сотрудник внутреннего клининга;визуальный контроль/сотрудник отдела качества
;Санитарный пост;сушилка для рук;сушилка для рук;сушилка для рук;;0;;мойка;;ХИМИТЕК УНИВЕРСАЛ-ПД-Н;ручной (протирание, обработка щёткой);3,0 % – 4,0 %, дозирующая система ProMax;не ниже 40°C;;промаркированный;1 раз в неделю;сотрудник внутреннего клининга;визуальный контроль/сотрудник отдела качества
;Санитарный пост;сушилка для рук;сушилка для рук;сушилка для рук;;0;;дезинфекция;;ХИМИТЕК ПОЛИДЕЗ®-СУПЕР;ручной (протирание);0,02 % – 0,05 % (по НУК), дозирующая система ProMax;18-20 °C;20 мин;промаркированный;1 раз в неделю;сотрудник внутреннего клининга;визуальный контроль/сотрудник отдела качества
;Мебель;вешалки;вешалки;вешалки;;0;;мойка;;ХИМИТЕК УНИВЕРСАЛ-ПД-Н;ручной (протирание, обработка щёткой);3,0 % – 4,0 %, дозирующая система ProMax;не ниже 40°C;;промаркированный;1 раз в неделю;сотрудник внутреннего клининга;визуальный контроль/сотрудник отдела качества
;Мебель;вешалки;вешалки;вешалки;;0;;дезинфекция;;ХИМИТЕК ПОЛИДЕЗ®-СУПЕР;ручной (протирание);0,02 % – 0,05 % (по НУК), дозирующая система ProMax;18-20 °C;20 мин;промаркированный;1 раз в неделю;сотрудник внутреннего клининга;визуальный контроль/сотрудник отдела качества
;Мебель;зеркала;зеркала;зеркала;;0;;мойка;;ХИМИТЕК ЧАРОЙТ®-СПРЕЙ;ручной (протирание);готовая форма;;;промаркированный;1 раз в неделю;сотрудник внутреннего клининга;визуальный контроль/сотрудник отдела качества
;Мебель;обувницы;обувницы;обувницы;;0;;мойка;;ХИМИТЕК УНИВЕРСАЛ-ПД-Н;ручной (протирание, обработка щёткой);3,0 % – 4,0 %, дозирующая система ProMax;не ниже 40°C;;промаркированный;1 раз в неделю;сотрудник внутреннего клининга;визуальный контроль/сотрудник отдела качества
;Мебель;обувницы;обувницы;обувницы;;0;;дезинфекция;;ХИМИТЕК ПОЛИДЕЗ®-СУПЕР;ручной (протирание);0,02 % – 0,05 % (по НУК), дозирующая система ProMax;18-20 °C;20 мин;промаркированный;1 раз в неделю;сотрудник внутреннего клининга;визуальный контроль/сотрудник отдела качества
;Мебель;полки;полки;полки;;0;;мойка;;ХИМИТЕК ЧУДОДЕЙ®-КОМБИ-ПЕНАКТИВ;ручной (протирание, обработка щёткой);2,0 % – 3,0 % дозирующая система ProMax;18-20 °C;;промаркированный;1 раз в месяц;сотрудник внутреннего клининга;визуальный контроль/сотрудник отдела качества
;Мебель;полки;полки;полки;;0;;дезинфекция;;ХИМИТЕК ПОЛИДЕЗ®-СУПЕР;ручной (протирание);0,02 % – 0,05 % (по НУК), дозирующая система ProMax;18-20 °C;20 мин;промаркированный;1 раз в месяц;сотрудник внутреннего клининга;визуальный контроль/сотрудник отдела качества
;Мебель;скамейки;скамейки;скамейки;;0;;мойка;;ХИМИТЕК УНИВЕРСАЛ-ПД-Н;ручной (протирание, обработка щёткой);3,0 % – 4,0 %, дозирующая система ProMax;не ниже 40°C;;промаркированный;1 раз в неделю;сотрудник внутреннего клининга;визуальный контроль/сотрудник отдела качества
;Мебель;скамейки;скамейки;скамейки;;0;;дезинфекция;;ХИМИТЕК ПОЛИДЕЗ®-СУПЕР;ручной (протирание);0,02 % – 0,05 % (по НУК), дозирующая система ProMax;18-20 °C;20 мин;промаркированный;1 раз в неделю;сотрудник внутреннего клининга;визуальный контроль/сотрудник отдела качества
;Мебель;стеллажи;стеллажи;стеллажи;;0;;мойка;;ХИМИТЕК ЧУДОДЕЙ®-КОМБИ-ПЕНАКТИВ;ручной (протирание, обработка щёткой);2,0 % – 3,0 % дозирующая система ProMax;18-20 °C;;промаркированный;1 раз в месяц;сотрудник внутреннего клининга;визуальный контроль/сотрудник отдела качества
;Мебель;стеллажи;стеллажи;стеллажи;;0;;дезинфекция;;ХИМИТЕК ПОЛИДЕЗ®-СУПЕР;ручной (протирание);0,02 % – 0,05 % (по НУК), дозирующая система ProMax;18-20 °C;20 мин;промаркированный;1 раз в месяц;сотрудник внутреннего клининга;визуальный контроль/сотрудник отдела качества
;Мебель;столы;столы;столы;;0;;мойка;;ХИМИТЕК УНИВЕРСАЛ-ПД-Н;ручной (протирание, обработка щёткой);3,0 % – 4,0 %, дозирующая система ProMax;не ниже 40°C;;промаркированный;1 раз в неделю;сотрудник внутреннего клининга;визуальный контроль/сотрудник отдела качества
;Мебель;столы;столы;столы;;0;;дезинфекция;;ХИМИТЕК ПОЛИДЕЗ®-СУПЕР;ручной (протирание);0,02 % – 0,05 % (по НУК), дозирующая система ProMax;18-20 °C;20 мин;промаркированный;1 раз в неделю;сотрудник внутреннего клининга;визуальный контроль/сотрудник отдела качества
;Мебель;столы;столы;столы;;0;;очистка;;;ручной (протирание);;;;промаркированный;1 раз в смену;сотрудник внутреннего клининга;визуальный контроль/технолог
;Мебель;столы;столы;столы;;0;;дезинфекция;;ХИМИТЕК ПОЛИДЕЗ®-СУПЕР;ручной (протирание);0,02 % – 0,05 % (по НУК), дозирующая система ProMax;18-20 ºС;20 мин;промаркированный;1 раз в смену;сотрудник внутреннего клининга;визуальный контроль/технолог
;Мебель;столы;столы;столы;;0;;мойка;;ХИМИТЕК ЧУДОДЕЙ®-КОМБИ-ПЕНАКТИВ;ручной (протирание, обработка щёткой);2,0 % – 3,0 % дозирующая система ProMax;18-20 °C;;промаркированный;1 раз в месяц;сотрудник внутреннего клининга;визуальный контроль/сотрудник отдела качества
;Мебель;стулья;стулья;стулья;;0;;мойка;;ХИМИТЕК УНИВЕРСАЛ-ПД-Н;ручной (протирание, обработка щёткой);3,0 % – 4,0 %, дозирующая система ProMax;не ниже 40°C;;промаркированный;1 раз в неделю;сотрудник внутреннего клининга;визуальный контроль/сотрудник отдела качества
;Мебель;стулья;стулья;стулья;;0;;дезинфекция;;ХИМИТЕК ПОЛИДЕЗ®-СУПЕР;ручной (протирание);0,02 % – 0,05 % (по НУК), дозирующая система ProMax;18-20 °C;20 мин;промаркированный;1 раз в неделю;сотрудник внутреннего клининга;визуальный контроль/сотрудник отдела качества
;Мебель;сушилка для обуви;сушилка для обуви;сушилка для обуви;;0;;мойка;;ХИМИТЕК УНИВЕРСАЛ-ПД-Н;ручной (протирание, обработка щёткой);3,0 % – 4,0 %, дозирующая система ProMax;не ниже 40°C;;промаркированный;1 раз в неделю;сотрудник внутреннего клининга;визуальный контроль/сотрудник отдела качества
;Мебель;сушилка для обуви;сушилка для обуви;сушилка для обуви;;0;;дезинфекция;;ХИМИТЕК ПОЛИДЕЗ®-СУПЕР;ручной (протирание);0,02 % – 0,05 % (по НУК), дозирующая система ProMax;18-20 °C;20 мин;промаркированный;1 раз в неделю;сотрудник внутреннего клининга;визуальный контроль/сотрудник отдела качества
;Мебель;шкафы;шкафы;шкафы;;0;;мойка;;ХИМИТЕК ЧУДОДЕЙ®-КОМБИ-ПЕНАКТИВ;ручной (протирание, обработка щёткой);2,0 % – 3,0 % дозирующая система ProMax;18-20 °C;;промаркированный;1 раз в месяц;сотрудник внутреннего клининга;визуальный контроль/сотрудник отдела качества
;Мебель;шкафы;шкафы;шкафы;;0;;дезинфекция;;ХИМИТЕК ПОЛИДЕЗ®-СУПЕР;ручной (протирание);0,02 % – 0,05 % (по НУК), дозирующая система ProMax;18-20 °C;20 мин;промаркированный;1 раз в месяц;сотрудник внутреннего клининга;визуальный контроль/сотрудник отдела качества
;Офисная техника;компьютеры;компьютер;компьютер;;0;;мойка;;ХИМИТЕК УНИВЕРСАЛ-ПД-Н;ручной (протирание, обработка щёткой);3,0 % – 4,0 %, дозирующая система ProMax;не ниже 40°C;;промаркированный;1 раз в неделю;сотрудник внутреннего клининга;визуальный контроль/сотрудник отдела качества
;Офисная техника;компьютеры;компьютер;компьютер;;0;;дезинфекция;;ХИМИТЕК ПОЛИДЕЗ®-СУПЕР;ручной (протирание);0,02 % – 0,05 % (по НУК), дозирующая система ProMax;18-20 °C;20 мин;промаркированный;1 раз в неделю;сотрудник внутреннего клининга;визуальный контроль/сотрудник отдела качества
;Офисная техника;мониторы;монитор;монитор;;0;;мойка;;ХИМИТЕК УНИВЕРСАЛ-ПД-Н;ручной (протирание, обработка щёткой);3,0 % – 4,0 %, дозирующая система ProMax;не ниже 40°C;;промаркированный;1 раз в неделю;сотрудник внутреннего клининга;визуальный контроль/сотрудник отдела качества
;Офисная техника;мониторы;монитор;монитор;;0;;дезинфекция;;ХИМИТЕК ПОЛИДЕЗ®-СУПЕР;ручной (протирание);0,02 % – 0,05 % (по НУК), дозирующая система ProMax;18-20 °C;20 мин;промаркированный;1 раз в неделю;сотрудник внутреннего клининга;визуальный контроль/сотрудник отдела качества
;Офисная техника;принтера;принтер;принтер;;0;;мойка;;ХИМИТЕК УНИВЕРСАЛ-ПД-Н;ручной (протирание, обработка щёткой);3,0 % – 4,0 %, дозирующая система ProMax;не ниже 40°C;;промаркированный;1 раз в неделю;сотрудник внутреннего клининга;визуальный контроль/сотрудник отдела качества
;Офисная техника;принтера;принтер;принтер;;0;;дезинфекция;;ХИМИТЕК ПОЛИДЕЗ®-СУПЕР;ручной (протирание);0,02 % – 0,05 % (по НУК), дозирующая система ProMax;18-20 °C;20 мин;промаркированный;1 раз в неделю;сотрудник внутреннего клининга;визуальный контроль/сотрудник отдела качества
;Офисная техника;телефоны;телефон;телефон;;0;;мойка;;ХИМИТЕК УНИВЕРСАЛ-ПД-Н;ручной (протирание, обработка щёткой);3,0 % – 4,0 %, дозирующая система ProMax;не ниже 40°C;;промаркированный;1 раз в неделю;сотрудник внутреннего клининга;визуальный контроль/сотрудник отдела качества
;Офисная техника;телефоны;телефон;телефон;;0;;дезинфекция;;ХИМИТЕК ПОЛИДЕЗ®-СУПЕР;ручной (протирание);0,02 % – 0,05 % (по НУК), дозирующая система ProMax;18-20 °C;20 мин;промаркированный;1 раз в неделю;сотрудник внутреннего клининга;визуальный контроль/сотрудник отдела качества
;Многоразовые резиновые СИЗ;нарукавники;нарукавники;нарукавники;;0;;мойка;;ХИМИТЕК ЧУДОДЕЙ®-КОМБИ-ПЕНАКТИВ;ручной (протирание, обработка щёткой);2,0 % – 3,0 % дозирующая система ProMax;18-20 °C;;промаркированный;1 раз в смену;сотрудник внутреннего клининга;визуальный контроль/сотрудник отдела качества
;Многоразовые резиновые СИЗ;нарукавники;нарукавники;нарукавники;;0;;дезинфекция;;ХИМИТЕК ПОЛИДЕЗ®-СУПЕР;ручной (протирание);0,02 % – 0,05 % (по НУК), дозирующая система ProMax;18-20 °C;20 мин;промаркированный;1 раз в смену;сотрудник внутреннего клининга;визуальный контроль/сотрудник отдела качества
;Многоразовые резиновые СИЗ;перчатки;перчатки;перчатки;;0;;мойка;;ХИМИТЕК ЧУДОДЕЙ®-КОМБИ-ПЕНАКТИВ;ручной (протирание, обработка щёткой);2,0 % – 3,0 % дозирующая система ProMax;18-20 °C;;промаркированный;1 раз в смену;сотрудник внутреннего клининга;визуальный контроль/сотрудник отдела качества
;Многоразовые резиновые СИЗ;перчатки;перчатки;перчатки;;0;;дезинфекция;;ХИМИТЕК ПОЛИДЕЗ®-СУПЕР;ручной (протирание);0,02 % – 0,05 % (по НУК), дозирующая система ProMax;18-20 °C;20 мин;промаркированный;1 раз в смену;сотрудник внутреннего клининга;визуальный контроль/сотрудник отдела качества
;Многоразовые резиновые СИЗ;сапоги;сапоги;сапоги;;0;;мойка;;ХИМИТЕК ЧУДОДЕЙ®-КОМБИ-ПЕНАКТИВ;ручной (протирание, обработка щёткой);2,0 % – 3,0 % дозирующая система ProMax;18-20 °C;;промаркированный;1 раз в смену;сотрудник внутреннего клининга;визуальный контроль/сотрудник отдела качества
;Многоразовые резиновые СИЗ;сапоги;сапоги;сапоги;;0;;дезинфекция;;ХИМИТЕК ПОЛИДЕЗ®-СУПЕР;ручной (протирание);0,02 % – 0,05 % (по НУК), дозирующая система ProMax;18-20 °C;20 мин;промаркированный;1 раз в смену;сотрудник внутреннего клининга;визуальный контроль/сотрудник отдела качества
;Бытовая техника;кулера;кулер;кулер;;0;;мойка;;ХИМИТЕК УНИВЕРСАЛ-ПД-Н;ручной (протирание, обработка щёткой);3,0 % – 4,0 %, дозирующая система ProMax;не ниже 40°C;;промаркированный;1 раз в неделю;сотрудник внутреннего клининга;визуальный контроль/сотрудник отдела качества
;Бытовая техника;кулера;кулер;кулер;;0;;дезинфекция;;ХИМИТЕК ПОЛИДЕЗ®-СУПЕР;ручной (протирание);0,02 % – 0,05 % (по НУК), дозирующая система ProMax;18-20 °C;20 мин;промаркированный;1 раз в неделю;сотрудник внутреннего клининга;визуальный контроль/сотрудник отдела качества
;Бытовая техника;микроволновки;микроволновая печь;микроволновая печь;;0;;мойка;;ХИМИТЕК УНИВЕРСАЛ-ПД-Н;ручной (протирание, обработка щёткой);3,0 % – 4,0 %, дозирующая система ProMax;не ниже 40°C;;промаркированный;1 раз в неделю;сотрудник внутреннего клининга;визуальный контроль/сотрудник отдела качества
;Бытовая техника;микроволновки;микроволновая печь;микроволновая печь;;0;;дезинфекция;;ХИМИТЕК ПОЛИДЕЗ®-СУПЕР;ручной (протирание);0,02 % – 0,05 % (по НУК), дозирующая система ProMax;18-20 °C;20 мин;промаркированный;1 раз в неделю;сотрудник внутреннего клининга;визуальный контроль/сотрудник отдела качества
;Бытовая техника;стиральные машины;стиральная машина;стиральная машина;;0;;мойка;;ХИМИТЕК УНИВЕРСАЛ-ПД-Н;ручной (протирание, обработка щёткой);3,0 % – 4,0 %, дозирующая система ProMax;не ниже 40°C;;промаркированный;1 раз в неделю;сотрудник внутреннего клининга;визуальный контроль/сотрудник отдела качества
;Бытовая техника;стиральные машины;стиральная машина;стиральная машина;;0;;дезинфекция;;ХИМИТЕК ПОЛИДЕЗ®-СУПЕР;ручной (протирание);0,02 % – 0,05 % (по НУК), дозирующая система ProMax;18-20 °C;20 мин;промаркированный;1 раз в неделю;сотрудник внутреннего клининга;визуальный контроль/сотрудник отдела качества
;Бытовая техника;сушильные машины;сушильная машина;сушильная машина;;0;;мойка;;ХИМИТЕК УНИВЕРСАЛ-ПД-Н;ручной (протирание, обработка щёткой);3,0 % – 4,0 %, дозирующая система ProMax;не ниже 40°C;;промаркированный;1 раз в неделю;сотрудник внутреннего клининга;визуальный контроль/сотрудник отдела качества
;Бытовая техника;сушильные машины;сушильная машина;сушильная машина;;0;;дезинфекция;;ХИМИТЕК ПОЛИДЕЗ®-СУПЕР;ручной (протирание);0,02 % – 0,05 % (по НУК), дозирующая система ProMax;18-20 °C;20 мин;промаркированный;1 раз в неделю;сотрудник внутреннего клининга;визуальный контроль/сотрудник отдела качества
;Бытовая техника;термопоты;термопот;термопот;;0;;мойка;;ХИМИТЕК УНИВЕРСАЛ-ПД-Н;ручной (протирание, обработка щёткой);3,0 % – 4,0 %, дозирующая система ProMax;не ниже 40°C;;промаркированный;1 раз в неделю;сотрудник внутреннего клининга;визуальный контроль/сотрудник отдела качества
;Бытовая техника;термопоты;термопот;термопот;;0;;дезинфекция;;ХИМИТЕК ПОЛИДЕЗ®-СУПЕР;ручной (протирание);0,02 % – 0,05 % (по НУК), дозирующая система ProMax;18-20 °C;20 мин;промаркированный;1 раз в неделю;сотрудник внутреннего клининга;визуальный контроль/сотрудник отдела качества
;Бытовая техника;холодильники;холодильник бытовой;холодильник бытовой;;0;;мойка;;ХИМИТЕК УНИВЕРСАЛ-ПД-Н;ручной (протирание, обработка щёткой);3,0 % – 4,0 %, дозирующая система ProMax;не ниже 40°C;;промаркированный;1 раз в неделю;сотрудник внутреннего клининга;визуальный контроль/сотрудник отдела качества
;Бытовая техника;холодильники;холодильник бытовой;холодильник бытовой;;0;;дезинфекция;;ХИМИТЕК ПОЛИДЕЗ®-СУПЕР;ручной (протирание);0,02 % – 0,05 % (по НУК), дозирующая система ProMax;18-20 °C;20 мин;промаркированный;1 раз в неделю;сотрудник внутреннего клининга;визуальный контроль/сотрудник отдела качества
;Бытовая техника;чайники;чайник электрический;чайник электрический;;0;;мойка;;ХИМИТЕК УНИВЕРСАЛ-ПД-Н;ручной (протирание, обработка щёткой);3,0 % – 4,0 %, дозирующая система ProMax;не ниже 40°C;;промаркированный;1 раз в неделю;сотрудник внутреннего клининга;визуальный контроль/сотрудник отдела качества
;Бытовая техника;чайники;чайник электрический;чайник электрический;;0;;дезинфекция;;ХИМИТЕК ПОЛИДЕЗ®-СУПЕР;ручной (протирание);0,02 % – 0,05 % (по НУК), дозирующая система ProMax;18-20 °C;20 мин;промаркированный;1 раз в неделю;сотрудник внутреннего клининга;визуальный контроль/сотрудник отдела качества
;Инвентарь, посуда и т.д.;вешала;вешала;вешала;;0;;мойка;;ХИМИТЕК ЧУДОДЕЙ®-КОМБИ-ПЕНАКТИВ;ручной (обработка щёткой);2,0 % – 3,0 % дозирующая система ProMax;18-20 °C;;промаркированный;после каждого использования;сотрудник внутреннего клининга;визуальный контроль, химический контроль, микробиологический контроль /сотрудник отдела качества
;Инвентарь, посуда и т.д.;вешала;вешала;вешала;;0;;дезинфекция;;ХИМИТЕК ПОЛИДЕЗ®-СУПЕР;ручной (замачивание);0,02 % – 0,05 % (по НУК), дозирующая система ProMax;18-20 °C;20 мин;промаркированный;после каждого использования;сотрудник внутреннего клининга;визуальный контроль, химический контроль, микробиологический контроль /сотрудник отдела качества
;Инвентарь, посуда и т.д.;внутрицеховая тара (вёдра ящики);внутрицеховая тара (вёдра, ящики);внутрицеховая тара (вёдра, ящики);;0;;мойка;;ХИМИТЕК ЧУДОДЕЙ®-КОМБИ-ПЕНАКТИВ;ручной (обработка щёткой);2,0 % – 3,0 % дозирующая система ProMax;18-20 °C;;промаркированный;после каждого использования;сотрудник внутреннего клининга;визуальный контроль, химический контроль, микробиологический контроль /сотрудник отдела качества
;Инвентарь, посуда и т.д.;внутрицеховая тара (вёдра ящики);внутрицеховая тара (вёдра, ящики);внутрицеховая тара (вёдра, ящики);;0;;дезинфекция;;ХИМИТЕК ПОЛИДЕЗ®-СУПЕР;ручной (замачивание);0,02 % – 0,05 % (по НУК), дозирующая система ProMax;18-20 °C;20 мин;промаркированный;после каждого использования;сотрудник внутреннего клининга;визуальный контроль, химический контроль, микробиологический контроль /сотрудник отдела качества
;Инвентарь, посуда и т.д.;гастроёмкости;гастроёмкости;гастроёмкости;;0;;мойка;;ХИМИТЕК ЧУДОДЕЙ®-КОМБИ-ПЕНАКТИВ;ручной (обработка щёткой);2,0 % – 3,0 % дозирующая система ProMax;18-20 °C;;промаркированный;после каждого использования;сотрудник внутреннего клининга;визуальный контроль, химический контроль, микробиологический контроль /сотрудник отдела качества
;Инвентарь, посуда и т.д.;гастроёмкости;гастроёмкости;гастроёмкости;;0;;дезинфекция;;ХИМИТЕК ПОЛИДЕЗ®-СУПЕР;ручной (замачивание);0,02 % – 0,05 % (по НУК), дозирующая система ProMax;18-20 °C;20 мин;промаркированный;после каждого использования;сотрудник внутреннего клининга;визуальный контроль, химический контроль, микробиологический контроль /сотрудник отдела качества
;Инвентарь, посуда и т.д.;гастроёмкости;гастроёмкости;гастроёмкости;;0;;мойка;;ХИМИТЕК ЧУДОДЕЙ®-КОМБИ-ПЕНАКТИВ;ручной (обработка щёткой);2,0 % – 3,0 % дозирующая система ProMax;18-20 °C;15 мин;промаркированный;после каждого использования;сотрудник внутреннего клининга;визуальный контроль, химический контроль, микробиологический контроль /сотрудник отдела качества
;Инвентарь, посуда и т.д.;гастроёмкости;гастроёмкости;гастроёмкости;;0;;ополаскивание;;ХИМИТЕК ПОЛИДЕЗ®-СУПЕР;ручной (замачивание);0,02 % – 0,05 % (по НУК), дозирующая система ProMax;18-20 °C;20 мин;промаркированный;после каждого использования;сотрудник внутреннего клининга;визуальный контроль, химический контроль, микробиологический контроль /сотрудник отдела качества
;Инвентарь, посуда и т.д.;дежи;дежи;дежи;;0;;мойка;;ХИМИТЕК ЧУДОДЕЙ®-КОМБИ-ПЕНАКТИВ;ручной (обработка щёткой);2,0 % – 3,0 % дозирующая система ProMax;18-20 °C;;промаркированный;после каждого использования;сотрудник внутреннего клининга;визуальный контроль, химический контроль, микробиологический контроль /сотрудник отдела качества
;Инвентарь, посуда и т.д.;дежи;дежи;дежи;;0;;дезинфекция;;ХИМИТЕК ПОЛИДЕЗ®-СУПЕР;ручной (замачивание);0,02 % – 0,05 % (по НУК), дозирующая система ProMax;18-20 °C;20 мин;промаркированный;после каждого использования;сотрудник внутреннего клининга;визуальный контроль, химический контроль, микробиологический контроль /сотрудник отдела качества
;Инвентарь, посуда и т.д.;доски;доски;доски;;0;;мойка;;ХИМИТЕК ЧУДОДЕЙ®-КОМБИ-ПЕНАКТИВ;ручной (обработка щёткой);2,0 % – 3,0 % дозирующая система ProMax;18-20 °C;;промаркированный;после каждого использования;сотрудник внутреннего клининга;визуальный контроль, химический контроль, микробиологический контроль /сотрудник отдела качества
;Инвентарь, посуда и т.д.;доски;доски;доски;;0;;дезинфекция;;ХИМИТЕК ПОЛИДЕЗ®-СУПЕР;ручной (замачивание);0,02 % – 0,05 % (по НУК), дозирующая система ProMax;18-20 °C;20 мин;промаркированный;после каждого использования;сотрудник внутреннего клининга;визуальный контроль, химический контроль, микробиологический контроль /сотрудник отдела качества
;Инвентарь, посуда и т.д.;доски;доски;доски;;0;;мойка;;ХИМИТЕК ЧУДОДЕЙ®-КОМБИ-ПЕНАКТИВ;ручной (обработка щёткой);2,0 % – 3,0 % дозирующая система ProMax;18-20 °C;15 мин;промаркированный;после каждого использования;сотрудник внутреннего клининга;визуальный контроль, химический контроль, микробиологический контроль /сотрудник отдела качества
;Инвентарь, посуда и т.д.;доски;доски;доски;;0;;ополаскивание;;ХИМИТЕК ПОЛИДЕЗ®-СУПЕР;ручной (замачивание);0,02 % – 0,05 % (по НУК), дозирующая система ProMax;18-20 °C;20 мин;промаркированный;после каждого использования;сотрудник внутреннего клининга;визуальный контроль, химический контроль, микробиологический контроль /сотрудник отдела качества
;Инвентарь, посуда и т.д.;изотермические контейнеры (bigbox);изотермические контейнеры (bigbox);изотермические контейнеры (bigbox);;0;;мойка;;ХИМИТЕК ЧУДОДЕЙ®-КОМБИ-ПЕНАКТИВ;ручной (обработка щёткой);2,0 % – 3,0 % дозирующая система ProMax;18-20 °C;;промаркированный;после каждого использования;сотрудник внутреннего клининга;визуальный контроль, химический контроль, микробиологический контроль /сотрудник отдела качества
;Инвентарь, посуда и т.д.;изотермические контейнеры (bigbox);изотермические контейнеры (bigbox);изотермические контейнеры (bigbox);;0;;дезинфекция;;ХИМИТЕК ПОЛИДЕЗ®-СУПЕР;ручной (замачивание);0,02 % – 0,05 % (по НУК), дозирующая система ProMax;18-20 °C;20 мин;промаркированный;после каждого использования;сотрудник внутреннего клининга;визуальный контроль, химический контроль, микробиологический контроль /сотрудник отдела качества
;Инвентарь, посуда и т.д.;инвентарь;инвентарь;инвентарь;;0;;дезинфекция;;ХИМИТЕК ПОЛИДЕЗ®-СУПЕР;ручной (замачивание);0,02 % – 0,05 % (по НУК), дозирующая система ProMax;18-20 °C;20 мин;промаркированный;после каждого использования;сотрудник внутреннего клининга;визуальный контроль, химический контроль, микробиологический контроль /сотрудник отдела качества
;Инвентарь, посуда и т.д.;инвентарь;инвентарь;инвентарь;;0;;мойка;;ХИМИТЕК ЧУДОДЕЙ®-КОМБИ-ПЕНАКТИВ;ручной (обработка щёткой);2,0 % – 3,0 % дозирующая система ProMax;18-20 °C;15 мин;промаркированный;после каждого использования;сотрудник внутреннего клининга;визуальный контроль, химический контроль, микробиологический контроль /сотрудник отдела качества
;Инвентарь, посуда и т.д.;инвентарь;инвентарь;инвентарь;;0;;ополаскивание;;ХИМИТЕК ПОЛИДЕЗ®-СУПЕР;ручной (замачивание);0,02 % – 0,05 % (по НУК), дозирующая система ProMax;18-20 °C;20 мин;промаркированный;после каждого использования;сотрудник внутреннего клининга;визуальный контроль, химический контроль, микробиологический контроль /сотрудник отдела качества
;Инвентарь, посуда и т.д.;корзины для расстойки теста;корзины для расстойки теста;корзины для расстойки теста;;0;;мойка;;ХИМИТЕК ЧУДОДЕЙ®-КОМБИ-ПЕНАКТИВ;ручной (обработка щёткой);2,0 % – 3,0 % дозирующая система ProMax;18-20 °C;;промаркированный;после каждого использования;сотрудник внутреннего клининга;визуальный контроль, химический контроль, микробиологический контроль /сотрудник отдела качества
;Инвентарь, посуда и т.д.;корзины для расстойки теста;корзины для расстойки теста;корзины для расстойки теста;;0;;дезинфекция;;ХИМИТЕК ПОЛИДЕЗ®-СУПЕР;ручной (замачивание);0,02 % – 0,05 % (по НУК), дозирующая система ProMax;18-20 °C;20 мин;промаркированный;после каждого использования;сотрудник внутреннего клининга;визуальный контроль, химический контроль, микробиологический контроль /сотрудник отдела качества
;Инвентарь, посуда и т.д.;крючки;крючки;крючки;;0;;мойка;;ХИМИТЕК ЧУДОДЕЙ®-КОМБИ-ПЕНАКТИВ;ручной (обработка щёткой);2,0 % – 3,0 % дозирующая система ProMax;18-20 °C;;промаркированный;после каждого использования;сотрудник внутреннего клининга;визуальный контроль, химический контроль, микробиологический контроль /сотрудник отдела качества
;Инвентарь, посуда и т.д.;крючки;крючки;крючки;;0;;дезинфекция;;ХИМИТЕК ПОЛИДЕЗ®-СУПЕР;ручной (замачивание);0,02 % – 0,05 % (по НУК), дозирующая система ProMax;18-20 °C;20 мин;промаркированный;после каждого использования;сотрудник внутреннего клининга;визуальный контроль, химический контроль, микробиологический контроль /сотрудник отдела качества
;Инвентарь, посуда и т.д.;листы для выпечки а;листы для выпечки алюминиевые;листы для выпечки;А;0;;мойка;;ХИМИТЕК УНИВЕРСАЛ-ПД-Н;ручной (замачивание, обработка щёткой);3,0 % – 4,0 %, дозирующая система ProMax;не ниже 40°C;;промаркированный;1 раз в неделю, по мере загрязнения;сотрудник внутреннего клининга;визуальный контроль/сотрудник отдела качества
;Инвентарь, посуда и т.д.;листы для выпечки а;листы для выпечки алюминиевые;листы для выпечки;А;0;;дезинфекция;;ХИМИТЕК ПОЛИДЕЗ®-СУПЕР;ручной (замачивание);0,02 % – 0,05 % (по НУК), дозирующая система ProMax;18-20 °C;20 мин;промаркированный;1 раз в неделю, по мере загрязнения;сотрудник внутреннего клининга;визуальный контроль/сотрудник отдела качества
;Инвентарь, посуда и т.д.;листы для выпечки н;листы для выпечки из нержавеющей стали;листы для выпечки;Н;0;;мойка;;ХИМИТЕК УНИВЕРСАЛ-ПД-Н;ручной (замачивание, обработка щёткой);3,0 % – 4,0 %, дозирующая система ProMax;не ниже 40°C;;промаркированный;1 раз в неделю, по мере загрязнения;сотрудник внутреннего клининга;визуальный контроль/сотрудник отдела качества
;Инвентарь, посуда и т.д.;листы для выпечки н;листы для выпечки из нержавеющей стали;листы для выпечки;Н;0;;дезинфекция;;ХИМИТЕК ПОЛИДЕЗ®-СУПЕР;ручной (замачивание);0,02 % – 0,05 % (по НУК), дозирующая система ProMax;18-20 °C;20 мин;промаркированный;1 раз в неделю, по мере загрязнения;сотрудник внутреннего клининга;визуальный контроль/сотрудник отдела качества
;Инвентарь, посуда и т.д.;листы от шпилек;листы от шпилек;листы от шпилек;;0;;мойка;;ХИМИТЕК УНИВЕРСАЛ-ПД-Н;ручной (замачивание, обработка щёткой);3,0 % – 4,0 %, дозирующая система ProMax;не ниже 40°C;;промаркированный;1 раз в неделю, по мере загрязнения;сотрудник внутреннего клининга;визуальный контроль/сотрудник отдела качества
;Инвентарь, посуда и т.д.;листы от шпилек;листы от шпилек;листы от шпилек;;0;;дезинфекция;;ХИМИТЕК ПОЛИДЕЗ®-СУПЕР;ручной (замачивание);0,02 % – 0,05 % (по НУК), дозирующая система ProMax;18-20 °C;20 мин;промаркированный;1 раз в неделю, по мере загрязнения;сотрудник внутреннего клининга;визуальный контроль/сотрудник отдела качества
;Инвентарь, посуда и т.д.;мусаты;мусаты;мусаты;;0;;мойка;;ХИМИТЕК ЧУДОДЕЙ®-КОМБИ-ПЕНАКТИВ;ручной (обработка щёткой);2,0 % – 3,0 % дозирующая система ProMax;18-20 °C;;промаркированный;после каждого использования;сотрудник внутреннего клининга;визуальный контроль, химический контроль, микробиологический контроль /сотрудник отдела качества
;Инвентарь, посуда и т.д.;мусаты;мусаты;мусаты;;0;;дезинфекция;;ХИМИТЕК ПОЛИДЕЗ®-СУПЕР;ручной (замачивание);0,02 % – 0,05 % (по НУК), дозирующая система ProMax;18-20 °C;20 мин;промаркированный;после каждого использования;сотрудник внутреннего клининга;визуальный контроль, химический контроль, микробиологический контроль /сотрудник отдела качества
;Инвентарь, посуда и т.д.;ножи;ножи разделочные;ножи разделочные;;0;;мойка;;ХИМИТЕК ЧУДОДЕЙ®-КОМБИ-ПЕНАКТИВ;ручной (обработка щёткой);2,0 % – 3,0 % дозирующая система ProMax;18-20 °C;15 мин;промаркированный;после каждого использования;сотрудник внутреннего клининга;визуальный контроль, химический контроль, микробиологический контроль /сотрудник отдела качества
;Инвентарь, посуда и т.д.;ножи;ножи разделочные;ножи разделочные;;0;;ополаскивание;;ВОДА;ручной;;не ниже 40 °C;;промаркированный;через каждые 2 часа работы;сотрудник внутреннего клининга;визуальный контроль, химический контроль, микробиологический контроль /сотрудник отдела качества
;Инвентарь, посуда и т.д.;ножи;ножи разделочные;ножи разделочные;;0;;дезинфекция;;ХИМИТЕК ПОЛИДЕЗ®-СУПЕР;ручной (замачивание);0,02%–0,05% (по НУК), дозирующая система ProMax;18-20 °C;20 мин;промаркированный;через каждые 2 часа работы;сотрудник внутреннего клининга;визуальный контроль, химический контроль, микробиологический контроль /сотрудник отдела качества
;Инвентарь, посуда и т.д.;оборотная тара;оборотная тара;оборотная тара;;0;;мойка;;ХИМИТЕК ЧУДОДЕЙ®-КОМБИ-ПЕНАКТИВ;ручной (протирание, обработка щёткой);2,0 % – 3,0 % дозирующая система ProMax;18-20 °C;;промаркированный;1 раз в смены;сотрудник внутреннего клининга;визуальный контроль, химический контроль, микробиологический контроль /сотрудник отдела качества
;Инвентарь, посуда и т.д.;оборотная тара;оборотная тара;оборотная тара;;0;;ополаскивание;;ХИМИТЕК ПОЛИДЕЗ®-СУПЕР;ручной (протирание);0,02 % – 0,05 % (по НУК), дозирующая система ProMax;18-20 °C;20 мин;промаркированный;1 раз в смены;сотрудник внутреннего клининга;визуальный контроль, химический контроль, микробиологический контроль /сотрудник отдела качества
;Инвентарь, посуда и т.д.;отсадочные мешки;отсадочные мешки;отсадочные мешки;;0;;мойка;;ХИМИТЕК ЧУДОДЕЙ®-КОМБИ-ПЕНАКТИВ;ручной (обработка щёткой);2,0 % – 3,0 % дозирующая система ProMax;18-20 °C;;промаркированный;после каждого использования;сотрудник внутреннего клининга;визуальный контроль, химический контроль, микробиологический контроль /сотрудник отдела качества
;Инвентарь, посуда и т.д.;отсадочные мешки;отсадочные мешки;отсадочные мешки;;0;;дезинфекция;;ХИМИТЕК ПОЛИДЕЗ®-СУПЕР;ручной (замачивание);0,02 % – 0,05 % (по НУК), дозирующая система ProMax;18-20 °C;20 мин;промаркированный;после каждого использования;сотрудник внутреннего клининга;визуальный контроль, химический контроль, микробиологический контроль /сотрудник отдела качества
;Инвентарь, посуда и т.д.;передвижные ёмкости;передвижные ёмкости;передвижные ёмкости;;0;;мойка;;ХИМИТЕК ЧУДОДЕЙ®-КОМБИ-ПЕНАКТИВ;ручной (протирание, обработка щёткой);2,0 % – 3,0 % дозирующая система ProMax;18-20 °C;;промаркированный;1 раз в смены;сотрудник внутреннего клининга;визуальный контроль, химический контроль, микробиологический контроль /сотрудник отдела качества
;Инвентарь, посуда и т.д.;передвижные ёмкости;передвижные ёмкости;передвижные ёмкости;;0;;ополаскивание;;ХИМИТЕК ПОЛИДЕЗ®-СУПЕР;ручной (протирание);0,02 % – 0,05 % (по НУК), дозирующая система ProMax;18-20 °C;20 мин;промаркированный;1 раз в смены;сотрудник внутреннего клининга;визуальный контроль, химический контроль, микробиологический контроль /сотрудник отдела качества
;Инвентарь, посуда и т.д.;посуда;посуда;посуда;;0;;дезинфекция;;ХИМИТЕК ПОЛИДЕЗ®-СУПЕР;ручной (замачивание);0,02 % – 0,05 % (по НУК), дозирующая система ProMax;18-20 °C;20 мин;промаркированный;после каждого использования;сотрудник внутреннего клининга;визуальный контроль, химический контроль, микробиологический контроль /сотрудник отдела качества
;Инвентарь, посуда и т.д.;посуда;посуда;посуда;;0;;мойка;;ХИМИТЕК ЧУДОДЕЙ®-КОМБИ-ПЕНАКТИВ;ручной (обработка щёткой);2,0 % – 3,0 % дозирующая система ProMax;18-20 °C;15 мин;промаркированный;после каждого использования;сотрудник внутреннего клининга;визуальный контроль, химический контроль, микробиологический контроль /сотрудник отдела качества
;Инвентарь, посуда и т.д.;посуда;посуда;посуда;;0;;ополаскивание;;ХИМИТЕК ПОЛИДЕЗ®-СУПЕР;ручной (замачивание);0,02 % – 0,05 % (по НУК), дозирующая система ProMax;18-20 °C;20 мин;промаркированный;после каждого использования;сотрудник внутреннего клининга;визуальный контроль, химический контроль, микробиологический контроль /сотрудник отдела качества
;Инвентарь, посуда и т.д.;расстоечные термочехлы;расстоечные термочехлы;расстоечные термочехлы;;0;;мойка;;ХИМИТЕК ЧУДОДЕЙ®-КОМБИ-ПЕНАКТИВ;ручной (протирание, обработка щёткой);2,0 % – 3,0 % дозирующая система ProMax;18-20 °C;;промаркированный;1 раз в смены;сотрудник внутреннего клининга;визуальный контроль, химический контроль, микробиологический контроль /сотрудник отдела качества
;Инвентарь, посуда и т.д.;расстоечные термочехлы;расстоечные термочехлы;расстоечные термочехлы;;0;;ополаскивание;;ХИМИТЕК ПОЛИДЕЗ®-СУПЕР;ручной (протирание);0,02 % – 0,05 % (по НУК), дозирующая система ProMax;18-20 °C;20 мин;промаркированный;1 раз в смены;сотрудник внутреннего клининга;визуальный контроль, химический контроль, микробиологический контроль /сотрудник отдела качества
;Инвентарь, посуда и т.д.;секачи;секачи;секачи;;0;;мойка;;ХИМИТЕК ЧУДОДЕЙ®-КОМБИ-ПЕНАКТИВ;ручной (обработка щёткой);2,0 % – 3,0 % дозирующая система ProMax;18-20 °C;15 мин;промаркированный;после каждого использования;сотрудник внутреннего клининга;визуальный контроль, химический контроль, микробиологический контроль /сотрудник отдела качества
;Инвентарь, посуда и т.д.;секачи;секачи;секачи;;0;;ополаскивание;;ВОДА;ручной;;не ниже 40 °C;;промаркированный;через каждые 2 часа работы;сотрудник внутреннего клининга;визуальный контроль, химический контроль, микробиологический контроль /сотрудник отдела качества
;Инвентарь, посуда и т.д.;секачи;секачи;секачи;;0;;дезинфекция;;ХИМИТЕК ПОЛИДЕЗ®-СУПЕР;ручной (замачивание);0,02%–0,05% (по НУК), дозирующая система ProMax;18-20 °C;20 мин;промаркированный;через каждые 2 часа работы;сотрудник внутреннего клининга;визуальный контроль, химический контроль, микробиологический контроль /сотрудник отдела качества
;Инвентарь, посуда и т.д.;силапеновые коврики;силапеновые коврики;силапеновые коврики;;0;;мойка;;ХИМИТЕК УНИВЕРСАЛ-ПД-Н;ручной (обработка щёткой);3,0 % – 4,0 %, дозирующая система ProMax;не ниже 40°C;;промаркированный;после каждого использования;сотрудник внутреннего клининга;визуальный контроль, химический контроль, микробиологический контроль /сотрудник отдела качества
;Инвентарь, посуда и т.д.;силапеновые коврики;силапеновые коврики;силапеновые коврики;;0;;дезинфекция;;ХИМИТЕК ПОЛИДЕЗ®-СУПЕР;ручной (замачивание);0,02 % – 0,05 % (по НУК), дозирующая система ProMax;18-20 °C;20 мин;промаркированный;после каждого использования;сотрудник внутреннего клининга;визуальный контроль, химический контроль, микробиологический контроль /сотрудник отдела качества
;Инвентарь, посуда и т.д.;съёмные детали оборудования а;съёмные детали оборудования алюминиевые;съёмные детали оборудования;А;0;;мойка;;ХИМИТЕК УНИВЕРСАЛ-ПД-Н;ручной (обработка щёткой);3,0 % – 4,0 %, дозирующая система ProMax;не ниже 40°C;;промаркированный;после каждого использования;сотрудник внутреннего клининга;визуальный контроль, химический контроль, микробиологический контроль /сотрудник отдела качества
;Инвентарь, посуда и т.д.;съёмные детали оборудования а;съёмные детали оборудования алюминиевые;съёмные детали оборудования;А;0;;дезинфекция;;ХИМИТЕК ПОЛИДЕЗ®-СУПЕР;ручной (замачивание);0,02 % – 0,05 % (по НУК), дозирующая система ProMax;18-20 °C;20 мин;промаркированный;после каждого использования;сотрудник внутреннего клининга;визуальный контроль, химический контроль, микробиологический контроль /сотрудник отдела качества
;Инвентарь, посуда и т.д.;съёмные детали оборудования н;съёмные детали оборудования из нержавеющей стали;съёмные детали оборудования;Н;0;;мойка;;ХИМИТЕК УНИВЕРСАЛ-ПД-Н;ручной (обработка щёткой);3,0 % – 4,0 %, дозирующая система ProMax;не ниже 40°C;;промаркированный;после каждого использования;сотрудник внутреннего клининга;визуальный контроль, химический контроль, микробиологический контроль /сотрудник отдела качества
;Инвентарь, посуда и т.д.;съёмные детали оборудования н;съёмные детали оборудования из нержавеющей стали;съёмные детали оборудования;Н;0;;дезинфекция;;ХИМИТЕК ПОЛИДЕЗ®-СУПЕР;ручной (замачивание);0,02 % – 0,05 % (по НУК), дозирующая система ProMax;18-20 °C;20 мин;промаркированный;после каждого использования;сотрудник внутреннего клининга;визуальный контроль, химический контроль, микробиологический контроль /сотрудник отдела качества
;Инвентарь, посуда и т.д.;тележки;тележки;тележки;;0;;мойка;;ХИМИТЕК ЧУДОДЕЙ®-КОМБИ-ПЕНАКТИВ;ручной (нанесение пены, обработка щёткой);2,0 % АВД;18-20 °C;;промаркированный;1 раз в неделю;сотрудник внутреннего клининга;визуальный контроль/сотрудник отдела качества
;Инвентарь, посуда и т.д.;тележки;тележки;тележки;;0;;дезинфекция;;ХИМИТЕК ПОЛИДЕЗ®-СУПЕР;ручной (протирание);0,02 % – 0,05 % (по НУК), дозирующая система ProMax;18-20 °C;20 мин;промаркированный;1 раз в неделю;сотрудник внутреннего клининга;визуальный контроль/сотрудник отдела качества
;Инвентарь, посуда и т.д.;тележки подкатные;тележки подкатные;тележки подкатные;;0;;мойка;;ХИМИТЕК ЧУДОДЕЙ®-КОМБИ-ПЕНАКТИВ;ручной (нанесение пены, обработка щёткой);2,0 % АВД;18-20 °C;;промаркированный;1 раз в неделю;сотрудник внутреннего клининга;визуальный контроль/сотрудник отдела качества
;Инвентарь, посуда и т.д.;тележки подкатные;тележки подкатные;тележки подкатные;;0;;дезинфекция;;ХИМИТЕК ПОЛИДЕЗ®-СУПЕР;ручной (протирание);0,02 % – 0,05 % (по НУК), дозирующая система ProMax;18-20 °C;20 мин;промаркированный;1 раз в неделю;сотрудник внутреннего клининга;визуальный контроль/сотрудник отдела качества
;Инвентарь, посуда и т.д.;формы для выпечки а;формы для выпечки алюминиевые;формы для выпечки;А;0;;мойка;;ХИМИТЕК УНИВЕРСАЛ-ПД-Н;ручной (обработка щёткой);3,0 % – 4,0 %, дозирующая система ProMax;не ниже 40°C;;промаркированный;после каждого использования;сотрудник внутреннего клининга;визуальный контроль, химический контроль, микробиологический контроль /сотрудник отдела качества
;Инвентарь, посуда и т.д.;формы для выпечки а;формы для выпечки алюминиевые;формы для выпечки;А;0;;дезинфекция;;ХИМИТЕК ПОЛИДЕЗ®-СУПЕР;ручной (замачивание);0,02 % – 0,05 % (по НУК), дозирующая система ProMax;18-20 °C;20 мин;промаркированный;после каждого использования;сотрудник внутреннего клининга;визуальный контроль, химический контроль, микробиологический контроль /сотрудник отдела качества
;Инвентарь, посуда и т.д.;формы для выпечки н;формы для выпечки из нержавеющей стали;формы для выпечки;Н;0;;мойка;;ХИМИТЕК УНИВЕРСАЛ-ПД-Н;ручной (обработка щёткой);3,0 % – 4,0 %, дозирующая система ProMax;не ниже 40°C;;промаркированный;после каждого использования;сотрудник внутреннего клининга;визуальный контроль, химический контроль, микробиологический контроль /сотрудник отдела качества
;Инвентарь, посуда и т.д.;формы для выпечки н;формы для выпечки из нержавеющей стали;формы для выпечки;Н;0;;дезинфекция;;ХИМИТЕК ПОЛИДЕЗ®-СУПЕР;ручной (замачивание);0,02 % – 0,05 % (по НУК), дозирующая система ProMax;18-20 °C;20 мин;промаркированный;после каждого использования;сотрудник внутреннего клининга;визуальный контроль, химический контроль, микробиологический контроль /сотрудник отдела качества
;Инвентарь, посуда и т.д.;формы для выпечки с;формы для выпечки силиконовые;формы для выпечки;С;0;;мойка;;ХИМИТЕК УНИВЕРСАЛ-ПД-Н;ручной (обработка щёткой);3,0 % – 4,0 %, дозирующая система ProMax;не ниже 40°C;;промаркированный;после каждого использования;сотрудник внутреннего клининга;визуальный контроль, химический контроль, микробиологический контроль /сотрудник отдела качества
;Инвентарь, посуда и т.д.;формы для выпечки с;формы для выпечки силиконовые;формы для выпечки;С;0;;дезинфекция;;ХИМИТЕК ПОЛИДЕЗ®-СУПЕР;ручной (замачивание);0,02 % – 0,05 % (по НУК), дозирующая система ProMax;18-20 °C;20 мин;промаркированный;после каждого использования;сотрудник внутреннего клининга;визуальный контроль, химический контроль, микробиологический контроль /сотрудник отдела качества
;Инвентарь, посуда и т.д.;шампура;шампуры;шампуры;;0;;мойка;;ХИМИТЕК УНИВЕРСАЛ-ПД-Н;ручной (обработка щёткой);3,0 % – 4,0 %, дозирующая система ProMax;не ниже 40°C;;промаркированный;после каждого использования;сотрудник внутреннего клининга;визуальный контроль, химический контроль, микробиологический контроль /сотрудник отдела качества
;Инвентарь, посуда и т.д.;шампура;шампуры;шампуры;;0;;дезинфекция;;ХИМИТЕК ПОЛИДЕЗ®-СУПЕР;ручной (замачивание);0,02 % – 0,05 % (по НУК), дозирующая система ProMax;18-20 °C;20 мин;промаркированный;после каждого использования;сотрудник внутреннего клининга;визуальный контроль, химический контроль, микробиологический контроль /сотрудник отдела качества
;Инвентарь, посуда и т.д.;шпильки;шпильки;шпильки;;0;;мойка;;ХИМИТЕК ЧУДОДЕЙ®-КОМБИ-ПЕНАКТИВ;ручной (нанесение пены, обработка щёткой);2,0 % АВД;18-20 °C;;промаркированный;1 раз в неделю;сотрудник внутреннего клининга;визуальный контроль/сотрудник отдела качества
;Инвентарь, посуда и т.д.;шпильки;шпильки;шпильки;;0;;дезинфекция;;ХИМИТЕК ПОЛИДЕЗ®-СУПЕР;ручной (протирание);0,02 % – 0,05 % (по НУК), дозирующая система ProMax;18-20 °C;20 мин;промаркированный;1 раз в неделю;сотрудник внутреннего клининга;визуальный контроль/сотрудник отдела качества
;Инвентарь, посуда и т.д.;ёмкости для перетаривания;ёмкости для перетаривания;ёмкости для перетаривания;;0;;;;;;;;;;;;
;Инвентарь, посуда и т.д.;ёмкости для перетаривания;ёмкости для перетаривания;ёмкости для перетаривания;;0;;;;;;;;;;;;
;Инвентарь, посуда и т.д.;ёмкости для сыпучих продуктов;ёмкости для сыпучих продуктов;ёмкости для сыпучих продуктов;;0;;;;;;;;;;;;
;Инвентарь, посуда и т.д.;ёмкости для сыпучих продуктов;ёмкости для сыпучих продуктов;ёмкости для сыпучих продуктов;;0;;;;;;;;;;;;
;Моечный, уборочный инвентарь и оборудование;авд;АВД;АВД;;0;;мойка;;ХИМИТЕК УНИВЕРСАЛ-ПД-Н;ручной (замачивание);3,0 % – 4,0 %, дозирующая система ProMax;не ниже 40°C;;промаркированный;1 раз в смену;сотрудник внутреннего клининга;визуальный контроль/сотрудник отдела качества
;Моечный, уборочный инвентарь и оборудование;авд;АВД;АВД;;0;;дезинфекция;;ХИМИТЕК ПОЛИДЕЗ®-СУПЕР;ручной (протирание);0,02 %–0,04 % (по НУК), спрей-система ProTwin;18-20 ºС;30 мин;промаркированный;1 раз в смену;сотрудник внутреннего клининга;визуальный контроль/сотрудник отдела качества
;Моечный, уборочный инвентарь и оборудование;ведра;ведра;ведра;;0;;мойка;;ХИМИТЕК УНИВЕРСАЛ-ПД-Н;ручной (замачивание);3,0 % – 4,0 %, дозирующая система ProMax;не ниже 40°C;;промаркированный;1 раз в смену;сотрудник внутреннего клининга;визуальный контроль/сотрудник отдела качества
;Моечный, уборочный инвентарь и оборудование;ведра;ведра;ведра;;0;;дезинфекция;;ХИМИТЕК ПОЛИДЕЗ®-СУПЕР;ручной, замачивание;0,02 % – 0,05 % (по НУК), дозирующая система ProMax;18-20 ºС;30 мин;промаркированный;1 раз в смену;сотрудник внутреннего клининга;визуальный контроль/сотрудник отдела качества
;Моечный, уборочный инвентарь и оборудование;ветошь;ветошь;ветошь;;0;;мойка;;ВОДА;ручной;;не ниже 40 °C;1 минута;промаркированный;после каждого использования;сотрудник внутреннего клининга;визуальный контроль/сотрудник отдела качества
;Моечный, уборочный инвентарь и оборудование;ветошь;ветошь;ветошь;;0;;дезинфекция;;ХИМИТЕК ПОЛИДЕЗ®-СУПЕР;ручной, протирание;0,03 % (по НУК), дозирующая система ProMax;18-20 ºС;30 мин;промаркированный;после каждого использования;сотрудник внутреннего клининга;визуальный контроль/сотрудник отдела качества
;Моечный, уборочный инвентарь и оборудование;мопы;мопы;мопы;;0;;мойка;;ВОДА;ручной;;не ниже 40 °C;1 минута;промаркированный;после каждого использования;сотрудник внутреннего клининга;визуальный контроль/сотрудник отдела качества
;Моечный, уборочный инвентарь и оборудование;мопы;мопы;мопы;;0;;дезинфекция;;ХИМИТЕК ПОЛИДЕЗ®-СУПЕР;ручной, протирание;0,03 % (по НУК), дозирующая система ProMax;18-20 ºС;30 мин;промаркированный;после каждого использования;сотрудник внутреннего клининга;визуальный контроль/сотрудник отдела качества
;Моечный, уборочный инвентарь и оборудование;поломоечная машина;поломоечная машина;поломоечная машина;;0;;мойка;;ХИМИТЕК УНИВЕРСАЛ-ПД-Н;ручной (замачивание);3,0 % – 4,0 %, дозирующая система ProMax;не ниже 40°C;;промаркированный;1 раз в смену;сотрудник внутреннего клининга;визуальный контроль/сотрудник отдела качества
;Моечный, уборочный инвентарь и оборудование;поломоечная машина;поломоечная машина;поломоечная машина;;0;;дезинфекция;;ХИМИТЕК ПОЛИДЕЗ®-СУПЕР;ручной (протирание);0,02 %–0,04 % (по НУК), спрей-система ProTwin;18-20 ºС;30 мин;промаркированный;1 раз в смену;сотрудник внутреннего клининга;визуальный контроль/сотрудник отдела качества
;Моечный, уборочный инвентарь и оборудование;пылесосы;пылесос;пылесос;;0;;мойка;;ХИМИТЕК УНИВЕРСАЛ-ПД-Н;ручной (замачивание);3,0 % – 4,0 %, дозирующая система ProMax;не ниже 40°C;;промаркированный;1 раз в смену;сотрудник внутреннего клининга;визуальный контроль/сотрудник отдела качества
;Моечный, уборочный инвентарь и оборудование;пылесосы;пылесос;пылесос;;0;;дезинфекция;;ХИМИТЕК ПОЛИДЕЗ®-СУПЕР;ручной (протирание);0,02 %–0,04 % (по НУК), спрей-система ProTwin;18-20 ºС;30 мин;промаркированный;1 раз в смену;сотрудник внутреннего клининга;визуальный контроль/сотрудник отдела качества
;Моечный, уборочный инвентарь и оборудование;сгоны;сгоны для воды;сгоны для воды;;0;;мойка;;ХИМИТЕК УНИВЕРСАЛ-ПД-Н;ручной (замачивание);3,0 % – 4,0 %, дозирующая система ProMax;не ниже 40°C;;промаркированный;1 раз в смену;сотрудник внутреннего клининга;визуальный контроль/сотрудник отдела качества
;Моечный, уборочный инвентарь и оборудование;сгоны;сгоны для воды;сгоны для воды;;0;;дезинфекция;;ХИМИТЕК ПОЛИДЕЗ®-СУПЕР;ручной, замачивание;0,02 % – 0,05 % (по НУК), дозирующая система ProMax;18-20 ºС;30 мин;промаркированный;1 раз в смену;сотрудник внутреннего клининга;визуальный контроль/сотрудник отдела качества
;Моечный, уборочный инвентарь и оборудование;тележки уборочные;тележки уборочные;тележки уборочные;;0;;мойка;;ХИМИТЕК УНИВЕРСАЛ-ПД-Н;ручной (замачивание);3,0 % – 4,0 %, дозирующая система ProMax;не ниже 40°C;;промаркированный;1 раз в смену;сотрудник внутреннего клининга;визуальный контроль/сотрудник отдела качества
;Моечный, уборочный инвентарь и оборудование;тележки уборочные;тележки уборочные;тележки уборочные;;0;;дезинфекция;;ХИМИТЕК ПОЛИДЕЗ®-СУПЕР;ручной (протирание);0,02 %–0,04 % (по НУК), спрей-система ProTwin;18-20 ºС;30 мин;промаркированный;1 раз в смену;сотрудник внутреннего клининга;визуальный контроль/сотрудник отдела качества
;Моечный, уборочный инвентарь и оборудование;щётки;щётки;щётки;;0;;мойка;;ХИМИТЕК УНИВЕРСАЛ-ПД-Н;ручной (замачивание);3,0 % – 4,0 %, дозирующая система ProMax;не ниже 40°C;;промаркированный;1 раз в смену;сотрудник внутреннего клининга;визуальный контроль/сотрудник отдела качества
;Моечный, уборочный инвентарь и оборудование;щётки;щётки;щётки;;0;;дезинфекция;;ХИМИТЕК ПОЛИДЕЗ®-СУПЕР;ручной, замачивание;0,02 % – 0,05 % (по НУК), дозирующая система ProMax;18-20 ºС;30 мин;промаркированный;1 раз в смену;сотрудник внутреннего клининга;визуальный контроль/сотрудник отдела качества
;Посудомоечное оборудование;пмм купольная;посудомоечная машина купольная;посудомоечная машина купольная;;0;;;;;;;;;;;;
;Посудомоечное оборудование;пмм купольная;посудомоечная машина купольная;посудомоечная машина купольная;;0;;;;;;;;;;;;
;Посудомоечное оборудование;пмм туннельная;посудомоечная машина туннельная;посудомоечная машина туннельная;;0;;;;;;;;;;;;
;Посудомоечное оборудование;пмм туннельная;посудомоечная машина туннельная;посудомоечная машина туннельная;;0;;;;;;;;;;;;
;Посудомоечное оборудование;таромоечная машина;таромоечная машина;таромоечная машина;;0;;;;;;;;;;;;
;Посудомоечное оборудование;таромоечная машина;таромоечная машина;таромоечная машина;;0;;;;;;;;;;;;
;Холодильное оборудование;камеры мороз;камеры морозильные;камеры морозильные;;0;;мойка;;ХИМИТЕК ЧУДОДЕЙ®-КОМБИ-ПЕНАКТИВ;ручной (протирание, обработка щёткой);2,0 % – 3,0 % дозирующая система ProMax;18-20 °C;;промаркированный;1 раз в 3 месяца;сотрудник внутреннего клининга;визуальный контроль/сотрудник отдела качества
;Холодильное оборудование;камеры мороз;камеры морозильные;камеры морозильные;;0;;дезинфекция;;ХИМИТЕК ПОЛИДЕЗ®-СУПЕР;ручной (протирание);0,02 % – 0,05 % (по НУК), дозирующая система ProMax;18-20 °C;20 мин;промаркированный;1 раз в 3 месяца;сотрудник внутреннего клининга;визуальный контроль/сотрудник отдела качества
;Холодильное оборудование;камеры холод;камеры холодильные;камеры холодильные;;0;;мойка;;ХИМИТЕК ЧУДОДЕЙ®-КОМБИ-ПЕНАКТИВ;ручной (протирание, обработка щёткой);2,0 % – 3,0 % дозирующая система ProMax;18-20 °C;;промаркированный;1 раз в 3 месяца;сотрудник внутреннего клининга;визуальный контроль/сотрудник отдела качества
;Холодильное оборудование;камеры холод;камеры холодильные;камеры холодильные;;0;;дезинфекция;;ХИМИТЕК ПОЛИДЕЗ®-СУПЕР;ручной (протирание);0,02 % – 0,05 % (по НУК), дозирующая система ProMax;18-20 °C;20 мин;промаркированный;1 раз в 3 месяца;сотрудник внутреннего клининга;визуальный контроль/сотрудник отдела качества
;Холодильное оборудование;камеры шок замор;камеры шоковой заморозки;камеры шоковой заморозки;;0;;;;;;;;;;;;
;Холодильное оборудование;камеры шок замор;камеры шоковой заморозки;камеры шоковой заморозки;;0;;;;;;;;;;;;
;Холодильное оборудование;ледогенератор;ледогенератор;ледогенератор;;0;;;;;;;;;;;;
;Холодильное оборудование;ледогенератор;ледогенератор;ледогенератор;;0;;;;;;;;;;;;
;Холодильное оборудование;морозильный ларь;морозильный ларь;морозильный ларь;;0;;мойка;;ХИМИТЕК ЧУДОДЕЙ®-КОМБИ-ПЕНАКТИВ;ручной (протирание, обработка щёткой);2,0 % – 3,0 % дозирующая система ProMax;18-20 °C;;промаркированный;1 раз в 3 месяца;сотрудник внутреннего клининга;визуальный контроль/сотрудник отдела качества
;Холодильное оборудование;морозильный ларь;морозильный ларь;морозильный ларь;;0;;дезинфекция;;ХИМИТЕК ПОЛИДЕЗ®-СУПЕР;ручной (протирание);0,02 % – 0,05 % (по НУК), дозирующая система ProMax;18-20 °C;20 мин;промаркированный;1 раз в 3 месяца;сотрудник внутреннего клининга;визуальный контроль/сотрудник отдела качества
;Холодильное оборудование;холод столы;холодильные столы;холодильные столы;;0;;;;;;;;;;;;
;Холодильное оборудование;холод столы;холодильные столы;холодильные столы;;0;;;;;;;;;;;;
;Холодильное оборудование;холод шкафы;холодильные шкафы;холодильные шкафы;;0;;;;;;;;;;;;
;Холодильное оборудование;холод шкафы;холодильные шкафы;холодильные шкафы;;0;;;;;;;;;;;;
;Тепловое оборудование;варочные котлы;варочные котлы;варочные котлы;;0;;;;;;;;;;;;
;Тепловое оборудование;варочные котлы;варочные котлы;варочные котлы;;0;;;;;;;;;;;;
;Тепловое оборудование;вафельницы;вафельницы;вафельницы;;0;;;;;;;;;;;;
;Тепловое оборудование;вафельницы;вафельницы;вафельницы;;0;;;;;;;;;;;;
;Тепловое оборудование;грили;грили;грили;;0;;;;;;;;;;;;
;Тепловое оборудование;пароконвектоматы;пароконвектоматы;пароконвектоматы;;0;;;;;;;;;;;;
;Тепловое оборудование;печи подовые;печи подовые;печи подовые;;0;;;;;;;;;;;;
;Тепловое оборудование;печи ротационные;печи ротационные;печи ротационные;;0;;;;;;;;;;;;
;Тепловое оборудование;плиты газ;плиты газовые;плиты газовые;;0;;;;;;;;;;;;
;Тепловое оборудование;плиты индук;плиты индукционные;плиты индукционные;;0;;;;;;;;;;;;
;Тепловое оборудование;плиты элек;плиты электрические;плиты электрические;;0;;;;;;;;;;;;
;Тепловое оборудование;расстоечные шкафы;расстоечные шкафы;расстоечные шкафы;;0;;;;;;;;;;;;
;Тепловое оборудование;сковороды;сковороды;сковороды;;0;;;;;;;;;;;;
;Тепловое оборудование;фритюры;фритюры;фритюры;;0;;;;;;;;;;;;
;Технологическое оборудование;бисквиторезки;бисквиторезки;бисквиторезки;;0;;;;;;;;;;;;
;Технологическое оборудование;блендеры;блендеры;блендеры;;0;;;;;;;;;;;;
;Технологическое оборудование;вакуумные роторные шприцы;вакуумные роторные шприцы;вакуумные роторные шприцы;;0;;;;;;;;;;;;
;Технологическое оборудование;весы напольные;весы напольные;весы напольные;;0;;мойка;;ХИМИТЕК ЧУДОДЕЙ®-КОМБИ-ПЕНАКТИВ;ручной (протирание);2,0 % – 3,0 % дозирующая система ProMax;18-20 °C;;промаркированный;1 раз в смену;сотрудник производства;визуальный контроль, химический контроль, микробиологический контроль /сотрудник отдела качества
;Технологическое оборудование;весы напольные;весы напольные;весы напольные;;0;;дезинфекция;;ХИМИТЕК ПОЛИДЕЗ®-СУПЕР;ручной (протирание);0,02 % – 0,05 % (по НУК), дозирующая система ProMax;18-20 °C;20 мин;промаркированный;1 раз в смену;сотрудник производства;визуальный контроль, химический контроль, микробиологический контроль /сотрудник отдела качества
;Технологическое оборудование;весы настольные;весы настольные;весы настольные;;0;;мойка;;ХИМИТЕК ЧУДОДЕЙ®-КОМБИ-ПЕНАКТИВ;ручной (протирание);2,0 % – 3,0 % дозирующая система ProMax;18-20 °C;;промаркированный;1 раз в смену;сотрудник производства;визуальный контроль, химический контроль, микробиологический контроль /сотрудник отдела качества
;Технологическое оборудование;весы настольные;весы настольные;весы настольные;;0;;дезинфекция;;ХИМИТЕК ПОЛИДЕЗ®-СУПЕР;ручной (протирание);0,02 % – 0,05 % (по НУК), дозирующая система ProMax;18-20 °C;20 мин;промаркированный;1 раз в смену;сотрудник производства;визуальный контроль, химический контроль, микробиологический контроль /сотрудник отдела качества
;Технологическое оборудование;весы настольные;весы настольные;весы настольные;;0;;дезинфекция;;ХИМИТЕК ПОЛИДЕЗ®-СУПЕР;ручной (протирание);0,02 % – 0,05 % (по НУК), дозирующая система ProMax;18-20 °C;20 мин;промаркированный;при простое ≥ 30 мин;сотрудник производства;визуальный контроль, химический контроль, микробиологический контроль /сотрудник отдела качества
;Технологическое оборудование;водяные бани;водяные бани;водяные бани;;0;;;;;;;;;;;;
;Технологическое оборудование;депозитор волюметрический;депозитор волюметрический;депозитор волюметрический;;0;;;;;;;;;;;;
;Технологическое оборудование;дозатор для геля (пульверизатор);дозатор для геля (пульверизатор);дозатор;для геля (пульверизатор);0;;;;;;;;;;;;
;Технологическое оборудование;дозаторы для жидкостей;дозаторы для жидкостей;дозаторы для жидкостей;;0;;;;;;;;;;;;
;Технологическое оборудование;дробилки;дробилки;дробилки;;0;;;;;;;;;;;;
;Технологическое оборудование;измельчители;измельчители;измельчители;;0;;;;;;;;;;;;
;Технологическое оборудование;картофелечистки;картофелечистки;картофелечистки;;0;;;;;;;;;;;;
;Технологическое оборудование;машина для резки конд изделий;машина для резки кондитерских изделий;машина для резки кондитерских изделий;;0;;;;;;;;;;;;
;Технологическое оборудование;металлодетектор;металлодетектор;металлодетектор;;0;;;;;;;;;;;;
;Технологическое оборудование;миксеры планетарные;миксеры планетарные;миксеры планетарные;;0;;;;;;;;;;;;
;Технологическое оборудование;минифилы (дозаторы крема);минифилы (дозаторы крема);минифилы (дозаторы крема);;0;;;;;;;;;;;;
;Технологическое оборудование;овощерезки;овощерезки;овощерезки;;0;;;;;;;;;;;;
;Технологическое оборудование;овощечистки;овощечистки;овощечистки;;0;;;;;;;;;;;;
;Технологическое оборудование;отсадочные машины;отсадочные машины;отсадочные;машины;0;;;;;;;;;;;;
;Технологическое оборудование;пневматические распылители;пневматические распылители;пневматические распылители;;0;;;;;;;;;;;;
;Технологическое оборудование;прессы для теста;прессы для теста;прессы для теста;;0;;;;;;;;;;;;
;Технологическое оборудование;производственные столы д;производственные столы деревянные;производственные столы деревянные;;0;;дезинфекция;;ХИМИТЕК ПОЛИДЕЗ®-СУПЕР;ручной (протирание);0,02 % – 0,05 % (по НУК), дозирующая система ProMax;18-20 °C;20 мин;промаркированный;1 раз в смену, при простое ≥ 30 мин;сотрудник склада;визуальный контроль, химический контроль, микробиологический контроль /сотрудник отдела качества
;Технологическое оборудование;производственные столы д;производственные столы деревянные;производственные столы деревянные;;0;;мойка;;ХИМИТЕК ЧУДОДЕЙ®-КОМБИ-ПЕНАКТИВ;ручной (протирание);2,0 % – 3,0 % дозирующая система ProMax;18-20 °C;;промаркированный;1 раз в смену;сотрудник производства;визуальный контроль, химический контроль, микробиологический контроль /сотрудник отдела качества
;Технологическое оборудование;производственные столы д;производственные столы деревянные;производственные столы деревянные;;0;;дезинфекция;;ХИМИТЕК ПОЛИДЕЗ®-СУПЕР;ручной (протирание);0,02 % – 0,05 % (по НУК), дозирующая система ProMax;18-20 °C;20 мин;промаркированный;1 раз в смену;сотрудник производства;визуальный контроль, химический контроль, микробиологический контроль /сотрудник отдела качества
;Технологическое оборудование;производственные столы д;производственные столы деревянные;производственные столы деревянные;;0;;дезинфекция;;ХИМИТЕК ПОЛИДЕЗ®-СУПЕР;ручной (протирание);0,02 % – 0,05 % (по НУК), дозирующая система ProMax;18-20 °C;20 мин;промаркированный;при простое ≥ 30 мин;сотрудник производства;визуальный контроль, химический контроль, микробиологический контроль /сотрудник отдела качества
;Технологическое оборудование;производственные столы н;производственные столы из нержавеющий стали;производственные столы;Н;0;;дезинфекция;;ХИМИТЕК ПОЛИДЕЗ®-СУПЕР;ручной (протирание);0,02 % – 0,05 % (по НУК), дозирующая система ProMax;18-20 °C;20 мин;промаркированный;1 раз в смену, при простое ≥ 30 мин;сотрудник склада;визуальный контроль, химический контроль, микробиологический контроль /сотрудник отдела качества
;Технологическое оборудование;производственные столы н;производственные столы из нержавеющий стали;производственные столы;Н;0;;мойка;;ХИМИТЕК ЧУДОДЕЙ®-КОМБИ-ПЕНАКТИВ;ручной (протирание);2,0 % – 3,0 % дозирующая система ProMax;18-20 °C;;промаркированный;1 раз в смену;сотрудник производства;визуальный контроль, химический контроль, микробиологический контроль /сотрудник отдела качества
;Технологическое оборудование;производственные столы н;производственные столы из нержавеющий стали;производственные столы;Н;0;;дезинфекция;;ХИМИТЕК ПОЛИДЕЗ®-СУПЕР;ручной (протирание);0,02 % – 0,05 % (по НУК), дозирующая система ProMax;18-20 °C;20 мин;промаркированный;1 раз в смену;сотрудник производства;визуальный контроль, химический контроль, микробиологический контроль /сотрудник отдела качества
;Технологическое оборудование;производственные столы н;производственные столы из нержавеющий стали;производственные столы;Н;0;;дезинфекция;;ХИМИТЕК ПОЛИДЕЗ®-СУПЕР;ручной (протирание);0,02 % – 0,05 % (по НУК), дозирующая система ProMax;18-20 °C;20 мин;промаркированный;при простое ≥ 30 мин;сотрудник производства;визуальный контроль, химический контроль, микробиологический контроль /сотрудник отдела качества
;Технологическое оборудование;просеиватели мука;просеиватели для муки;просеиватели для муки;;0;;;;;;;;;;;;
;Технологическое оборудование;просеиватели сахар;просеиватели для сахара;просеиватели для сахара;;0;;;;;;;;;;;;
;Технологическое оборудование;протирочные машины;протирочные машины;протирочные машины;;0;;;;;;;;;;;;
;Технологическое оборудование;распылители для желе и сиропов;распылители для желе и сиропов;распылители для желе и сиропов;;0;;;;;;;;;;;;
;Технологическое оборудование;рентгеновские системы контроля;рентгеновские системы контроля;рентгеновские системы контроля;;0;;;;;;;;;;;;
;Технологическое оборудование;слайсера;слайсеры;слайсеры;;0;;;;;;;;;;;;
;Технологическое оборудование;солодоварки;солодоварки;солодоварки;;0;;;;;;;;;;;;
;Технологическое оборудование;тарталетницы;тарталетницы;тарталетницы;;0;;;;;;;;;;;;
;Технологическое оборудование;термощупы;термощупы;термощупы;;0;;;;;;;;;;;;
;Технологическое оборудование;тестоделители;тестоделители;тестоделители;;0;;;;;;;;;;;;
;Технологическое оборудование;тестомесы;тестомесы;тестомесы;;0;;;;;;;;;;;;
;Технологическое оборудование;тестоокруглители;тестоокруглители;тестоокруглители;;0;;;;;;;;;;;;
;Технологическое оборудование;тестораскатки;тестораскатки;тестораскатки;;0;;;;;;;;;;;;
;Технологическое оборудование;ультразвуковые нарезки;ультразвуковые нарезки;ультразвуковые нарезки;;0;;;;;;;;;;;;
;Технологическое оборудование;ферментаторы;ферментаторы;ферментаторы;;0;;;;;;;;;;;;
;Технологическое оборудование;шприц-дозатор начинки;шприц-дозатор начинки;шприц-дозатор;начинки;0;;;;;;;;;;;;
;Упаковочное оборудование;flow pack;flow pack;flow pack;;0;;;;;;;;;;;;
;Упаковочное оборудование;автоматическиеклипсаторы;автоматические клипсаторы;автоматические клипсаторы;;0;;;;;;;;;;;;
;Упаковочное оборудование;вакуумные упаковщики;вакуумные упаковщики;вакуумные упаковщики;;0;;мойка;;ХИМИТЕК ЧУДОДЕЙ®-КОМБИ-ПЕНАКТИВ;ручной (протирание);2,0 % – 3,0 % дозирующая система ProMax;18-20 °C;;промаркированный;1 раз в смену;сотрудник производства;визуальный контроль, химический контроль, микробиологический контроль /сотрудник отдела качества
;Упаковочное оборудование;вакуумные упаковщики;вакуумные упаковщики;вакуумные упаковщики;;0;;дезинфекция;;ХИМИТЕК ПОЛИДЕЗ®-СУПЕР;ручной (протирание);0,02 % – 0,05 % (по НУК), дозирующая система ProMax;18-20 °C;20 мин;промаркированный;1 раз в смену;сотрудник производства;визуальный контроль, химический контроль, микробиологический контроль /сотрудник отдела качества
;Упаковочное оборудование;запайщики;запайщики;запайщики;;0;;;;;;;;;;;;
;Упаковочное оборудование;принтера для этикеток;принтер для этикеток;принтер для этикеток;;0;;;;;;;;;;;;
;Упаковочное оборудование;термоусадочные туннели;термоусадочные туннели;термоусадочные туннели;;0;;;;;;;;;;;;
;Упаковочное оборудование;этикетировщики;этикетировщики;этикетировщики;;0;;;;;;;;;;;;
