product_name;packaging;concentration;application_method;surfaces;note;categories
Химитек   Полидез -Супер;5л;0,03% по НУК;PROMAX PXB1F04;полы, трапы, сантехника, оборудование, рабочие поверхности, посуда, производственный инвентарь, уборочный инвентарь;;Инвентарь, посуда и т.д., Сантехническое оборудование, Поверхности, Моечный, уборочный инвентарь и оборудование, Оборудование, Мебель
Химитек Спец-Универсал-ЦВМ;5л;0,5 – 1,0;PROMAX PXB1F04;полы;кулинария ( моп );Поверхности
Химитек Спец-Универсал-ЦВМ;20 л;2,5 -3,5;PROMAX PXB1F04;;Мойка шпилек (моечная шпилек);
Химитек Спец-Универсал-ЦВМ;20 / 5 л;1,0 – 2,0;PROMAX PXB1F04;стены, трапы, оборудование, рабочие поверхности, локальные загрязнения, посуда, производственный инвентарь;на производстве;Поверхности, Оборудование, Инвентарь, посуда и т.д., Мебель
Химитек  Чудодей- Антинагар - Пенактив;10/ 20л;03.апр;PROMAX PXB1F04;локальные загрязнения, посуда, производственный инвентарь;Кулинария;Поверхности, Инвентарь, посуда и т.д.
Химитек  Кухмастер;1л;100%;помповый дозатор;оборудование, локальные загрязнения, посуда, производственный инвентарь;кулинария + производство;Поверхности, Оборудование, Инвентарь, посуда и т.д.
Химитек  Кухмастер для доз. систем;5л;4,5-5,5;PROMAX PXB1F04;потолок, стены, оборудование, рабочие поверхности, посуда, производственный инвентарь;;Поверхности, Оборудование, Инвентарь, посуда и т.д., Мебель
Химитек  Универсал-Дез;5л;0,5;PROMAX PXB1F04;;дезинфекция яиц;
Химитек  Универсал-Дез;5л;3;PROMAX PXB1F04;оборудование;мойка оборудования для  кадаифи  4  эт  (листовая);Оборудование
Химитек Антиминерал-Форте;5л;10;ручной;оборудование;удаление мин. налета в ПММ;Оборудование
Химитек Чудодей-СИП;20 л;0,1-0,2;Насос для ПММ;;мойка оборотной тары в Таромо ечной машине;
Химитек  Чудодей-Комби-ЦВМ;5л;02.мар;PROMAX PXB1F04;оборудование;Линия Комус,  Идеа   ( 2  и 4 этаж);Оборудование
Химитек   Пенапол -Профи;5л;0,5 - 1;PROMAX PXB1F04;полы;;Поверхности
Химитек  Поликор;5л;05.окт;ручной;сантехника;;Сантехническое оборудование
Химитек   Дегидрофобинол;0,5 с триггером;100%;готовая форма;локальные загрязнения;удаление этикеток;Поверхности
Химитек Чудодей-СИП;5л;10%;ручной;трапы;;Поверхности
Химитек Интерьер-Офис;5л;5;ручной;окна, зеркала;;Поверхности
Химитек  Чудодей- Антинагар -Гель;;100%;готовая форма;локальные загрязнения;мойка плит, сковородок  и пароконвектоматов;Поверхности
Химитек Антиминерал-Лакто;;5-10%;ручной;локальные загрязнения;мойка корзиночек методом замачивания;Поверхности
Химитек  Кухмастер-Профи;10/20л;0,1-0,2;Насос для ПММ;посуда, производственный инвентарь;Мойка столовой посуды, инвентаря,  гастроемкостей;Инвентарь, посуда и т.д.
Химитек  Кухмастер-Ополаскиватель;10/20л;0,01-0,02;Насос для ПММ;посуда, производственный инвентарь;Мойка столовой посуды, инвентаря,  гастроемкостей;Инвентарь, посуда и т.д.
