кулера;кулер;Бытовая техника
микроволновки;микроволновая печь;Бытовая техника
стиральные машины;стиральная машина;Бытовая техника
сушильные машины;сушильная машина;Бытовая техника
термопоты;термопот;Бытовая техника
холодильники;холодильник бытовой;Бытовая техника
чайники;чайник электрический;Бытовая техника
вешала;вешала;Инвентарь, посуда и т.д.
внутрицеховая тара (вёдра ящики);внутрицеховая тара (вёдра, ящики);Инвентарь, посуда и т.д.
гастроёмкости;гастроёмкости;Инвентарь, посуда и т.д.
дежи;дежи;Инвентарь, посуда и т.д.
доски;доски;Инвентарь, посуда и т.д.
изотермические контейнеры (bigbox);изотермические контейнеры (bigbox);Инвентарь, посуда и т.д.
инвентарь;инвентарь;Инвентарь, посуда и т.д.
корзины для расстойки теста;корзины для расстойки теста;Инвентарь, посуда и т.д.
крючки;крючки;Инвентарь, посуда и т.д.
листы для выпечки А;листы для выпечки алюминиевые;Инвентарь, посуда и т.д.
листы для выпечки Н;листы для выпечки из нержавеющей стали;Инвентарь, посуда и т.д.
листы от шпилек;листы от шпилек;Инвентарь, посуда и т.д.
мусаты;мусаты;Инвентарь, посуда и т.д.
ножи;ножи разделочные;Инвентарь, посуда и т.д.
оборотная тара;оборотная тара;Инвентарь, посуда и т.д.
отсадочные мешки;отсадочные мешки;Инвентарь, посуда и т.д.
передвижные ёмкости;передвижные ёмкости;Инвентарь, посуда и т.д.
посуда;посуда;Инвентарь, посуда и т.д.
расстоечные термочехлы;расстоечные термочехлы;Инвентарь, посуда и т.д.
секачи;секачи;Инвентарь, посуда и т.д.
силапеновые коврики;силапеновые коврики;Инвентарь, посуда и т.д.
съёмные детали оборудования А;съёмные детали оборудования алюминиевые;Инвентарь, посуда и т.д.
съёмные детали оборудования Н;съёмные детали оборудования из нержавеющей стали;Инвентарь, посуда и т.д.
тележки;тележки;Инвентарь, посуда и т.д.
тележки подкатные;тележки подкатные;Инвентарь, посуда и т.д.
формы для выпечки А;формы для выпечки алюминиевые;Инвентарь, посуда и т.д.
формы для выпечки Н;формы для выпечки из нержавеющей стали;Инвентарь, посуда и т.д.
формы для выпечки С;формы для выпечки силиконовые;Инвентарь, посуда и т.д.
шампура;шампуры;Инвентарь, посуда и т.д.
шпильки;шпильки;Инвентарь, посуда и т.д.
ёмкости для перетаривания;ёмкости для перетаривания;Инвентарь, посуда и т.д.
ёмкости для сыпучих продуктов;ёмкости для сыпучих продуктов;Инвентарь, посуда и т.д.
вешалки;вешалки;Мебель
зеркала;зеркала;Мебель
обувницы;обувницы;Мебель
полки;полки;Мебель
скамейки;скамейки;Мебель
стеллажи;стеллажи;Мебель
столы;столы;Мебель
стулья;стулья;Мебель
сушилка для обуви;сушилка для обуви;Мебель
шкафы;шкафы;Мебель
нарукавники;нарукавники;Многоразовые резиновые СИЗ
перчатки;перчатки;Многоразовые резиновые СИЗ
сапоги;сапоги;Многоразовые резиновые СИЗ
фартуки;фартуки;Многоразовые резиновые СИЗ
АВД;АВД;Моечный, уборочный инвентарь и оборудование
ведра;ведра;Моечный, уборочный инвентарь и оборудование
ветошь;ветошь;Моечный, уборочный инвентарь и оборудование
мопы;мопы;Моечный, уборочный инвентарь и оборудование
поломоечная машина;поломоечная машина;Моечный, уборочный инвентарь и оборудование
пылесосы;пылесос;Моечный, уборочный инвентарь и оборудование
сгоны;сгоны для воды;Моечный, уборочный инвентарь и оборудование
щётки;щётки;Моечный, уборочный инвентарь и оборудование
компьютеры;компьютер;Офисная техника
мониторы;монитор;Офисная техника
принтера;принтер;Офисная техника
телефоны;телефон;Офисная техника
бактерицидные лампы;бактерицидные лампы;Поверхности
бойлера;бойлер;Поверхности
вентиляторы;вентилятор;Поверхности
вентиляционные трубы;вентиляционные трубы;Поверхности
водопроводные трубы;водопроводные трубы;Поверхности
ворота/роллета;ворота/роллета;Поверхности
выключатели;выключатели;Поверхности
вытяжные зонты А;вытяжные зонты алюминиевые;Поверхности
вытяжные зонты Н;вытяжные зонты из нержавеющей стали;Поверхности
гидравлические тележки;гидравлические тележки;Поверхности
двери;двери;Поверхности
дверные ручки;дверные ручки;Поверхности
демосистема (контактная поверхность);демосистема (контактная поверхность);Поверхности
держатели для досок;держатели для досок;Поверхности
держатели для инвентаря;держатели для инвентаря;Поверхности
держатели для ножей;держатели для ножей;Поверхности
диффузоры;диффузоры;Поверхности
завесы ПВХ;завесы ПВХ;Поверхности
завесы тепловые;завесы тепловые;Поверхности
инсектицидные лампы;инсектицидные лампы;Поверхности
кабель-каналы;кабель-каналы;Поверхности
кондиционер;кондиционер;Поверхности
контейнеры для отходов;контейнеры для отходов;Поверхности
лестницы;лестницы;Поверхности
металлоконструкции;металлоконструкции;Поверхности
мусорные корзины;мусорные корзины;Поверхности
окна внешние;окна внешние;Поверхности
окна внутрицеховые;окна внутрицеховые;Поверхности
отопительные приборы;отопительные приборы;Поверхности
пластиковые паллеты;пластиковые паллеты;Поверхности
пластиковые подкаты;пластиковые подкаты;Поверхности
погрузчики;погрузчики;Поверхности
пожарный щит;пожарный щит;Поверхности
пол;пол;Поверхности
потолок (высота _____м) ОК;потолок окрашенный;Поверхности
потолок (высота _____м) П;потолок подвесной;Поверхности
резиновые коврики;резиновые коврики;Поверхности
розетки;розетки;Поверхности
сплит-системы;сплит-системы;Поверхности
стены (выше 2 м);стены (выше 2 м);Поверхности
стены (до 2 м);стены (до 2 м);Поверхности
стерилизатор;стерилизатор;Поверхности
стоки;стоки;Поверхности
трапы;трапы;Поверхности
часы;часы;Поверхности
штабелёры;штабелёр;Поверхности
электрощиты;электрощит;Поверхности
ПММ купольная;посудомоечная машина купольная;Посудомоечное оборудование
ПММ туннельная;посудомоечная машина туннельная;Посудомоечное оборудование
таромоечная машина;таромоечная машина;Посудомоечное оборудование
бак для грязной одежды;бак для грязной одежды;Санитарный пост
дезинфицирующие маты;дезинфицирующие маты;Санитарный пост
диспенсер для полотенец;диспенсер для полотенец;Санитарный пост
диспенсер для т/б;диспенсер для тулетной бумаги;Санитарный пост
дозаторы для мыла/антисептика;дозаторы для мыла и антисептика;Санитарный пост
корзины/диспенсеры для СИЗ;корзины/диспенсеры для СИЗ;Санитарный пост
модульный санпропускник;модульный санпропускник;Санитарный пост
санитарный пост;санитарный пост;Санитарный пост
сушилка для рук;сушилка для рук;Санитарный пост
душевая кабина;душевая кабина;Сантехническое оборудование
душевые секции;душевые секции;Сантехническое оборудование
писсуар;писсуар;Сантехническое оборудование
раковина;раковина;Сантехническое оборудование
смеситель;смеситель;Сантехническое оборудование
технологическая мойка;технологическая мойка;Сантехническое оборудование
унитаз;унитаз;Сантехническое оборудование
варочные котлы;варочные котлы;Тепловое оборудование
вафельницы;вафельницы;Тепловое оборудование
грили;грили;Тепловое оборудование
пароконвектоматы;пароконвектоматы;Тепловое оборудование
печи подовые;печи подовые;Тепловое оборудование
печи ротационные;печи ротационные;Тепловое оборудование
плиты газ.;плиты газовые;Тепловое оборудование
плиты индук.;плиты индукционные;Тепловое оборудование
плиты элек.;плиты электрические;Тепловое оборудование
расстоечные шкафы;расстоечные шкафы;Тепловое оборудование
сковороды;сковороды;Тепловое оборудование
фритюры;фритюры;Тепловое оборудование
бисквиторезки;бисквиторезки;Технологическое оборудование
блендеры;блендеры;Технологическое оборудование
вакуумные роторные шприцы;вакуумные роторные шприцы;Технологическое оборудование
весы напольные;весы напольные;Технологическое оборудование
весы настольные;весы настольные;Технологическое оборудование
водяные бани;водяные бани;Технологическое оборудование
депозитор волюметрический;депозитор волюметрический;Технологическое оборудование
дозаторы для жидкостей;дозаторы для жидкостей;Технологическое оборудование
дробилки;дробилки;Технологическое оборудование
измельчители;измельчители;Технологическое оборудование
картофелечистки;картофелечистки;Технологическое оборудование
машина для резки конд изделий;машина для резки кондитерских изделий;Технологическое оборудование
металлодетектор;металлодетектор;Технологическое оборудование
миксеры планетарные;миксеры планетарные;Технологическое оборудование
минифилы (дозаторы крема);минифилы (дозаторы крема);Технологическое оборудование
овощерезки;овощерезки;Технологическое оборудование
овощечистки;овощечистки;Технологическое оборудование
пневматические распылители;пневматические распылители;Технологическое оборудование
прессы для теста;прессы для теста;Технологическое оборудование
производственные столы Д;производственные столы деревянные;Технологическое оборудование
производственные столы Н;производственные столы из нержавеющий стали;Технологическое оборудование
просеиватели мука;просеиватели для муки;Технологическое оборудование
просеиватели сахар;просеиватели для сахара;Технологическое оборудование
протирочные машины;протирочные машины;Технологическое оборудование
распылители для желе и сиропов;распылители для желе и сиропов;Технологическое оборудование
рентгеновские системы контроля;рентгеновские системы контроля;Технологическое оборудование
слайсера;слайсеры;Технологическое оборудование
солодоварки;солодоварки;Технологическое оборудование
тарталетницы;тарталетницы;Технологическое оборудование
термощупы;термощупы;Технологическое оборудование
тестоделители;тестоделители;Технологическое оборудование
тестомесы;тестомесы;Технологическое оборудование
тестоокруглители;тестоокруглители;Технологическое оборудование
тестораскатки;тестораскатки;Технологическое оборудование
ультразвуковые нарезки;ультразвуковые нарезки;Технологическое оборудование
ферментаторы;ферментаторы;Технологическое оборудование
flow pack;flow pack;Упаковочное оборудование
автоматический клипсаторы;автоматические клипсаторы;Упаковочное оборудование
вакуумные упаковщики;вакуумные упаковщики;Упаковочное оборудование
запайщики;запайщики;Упаковочное оборудование
принтера для этикеток;принтер для этикеток;Упаковочное оборудование
термоусадочные туннели;термоусадочные туннели;Упаковочное оборудование
этикетировщики;этикетировщики;Упаковочное оборудование
камеры мороз.;камеры морозильные;Холодильное оборудование
камеры холд.;камеры холодильные;Холодильное оборудование
камеры шок. замор.;камеры шоковой заморозки;Холодильное оборудование
ледогенератор;ледогенератор;Холодильное оборудование
морозильный ларь;морозильный ларь;Холодильное оборудование
холод столы;холодильные столы;Холодильное оборудование
холод шкафы;холодильные шкафы;Холодильное оборудование